"studyYear","studyDbId","studyName","studyDesign","locationDbId","locationName","germplasmDbId","germplasmName","germplasmSynonyms","observationLevel","observationUnitDbId","observationUnitName","replicate","blockNumber","plotNumber","Number of plants planted per NET plot|CO_331:0000678","Weight of vines per NET plot in kg|CO_331:0000227","Number of plants harvested per NET plot|CO_331:0000679","Number of commercial storage roots per NET plot|CO_331:0000214","Number of non-commercial storage roots per NET plot|CO_331:0000217","Weight of commercial storage roots per NET plot in kg|CO_331:0000220","Weight of non-commercial storage roots per NET plot in kg|CO_331:0000223","Storage root dry matter content computing percent|CO_331:0000297","Content of protein in dry weight basis in raw storage roots measuring percentage|CO_331:0000278","Content of iron in dry weight basis measuring mg per 100g by NIRS|CO_331:0001016","Content of zinc in dry weight basis measuring mg per 100g by NIRS|CO_331:0001017","Content of calcium in dry weight basis measuring mg per 100g by NIRS|CO_331:0001029","Content of magnesium in dry weight basis measuring mg per 100g by NIRS|CO_331:0001030","Content of beta-carotene in dry weight basis in raw storage roots measuring mg per 100g|CO_331:0000289","Content of starch in dry weight basis in raw storage roots measuring percentage|CO_331:0000291","Content of fructose in dry weight basis in raw storage roots measuring g per 100g|CO_331:0001045","Content of glucose in dry weight basis in raw storage roots measuring g per 100g|CO_331:0001047","Content of sucrose in dry weight basis in raw storage roots measuring g per 100g|CO_331:0001049","Content of maltose in dry weight basis in raw storage roots measuring g per 100g|CO_331:0001051","Total storage root weight per NET plot in kg|CO_331:0000237","Biomass yield in kg per plot|CO_331:0000683","Number of storage roots after harvest per NET plot|CO_331:0000233","Average commercial storage root weight computation kg|CO_331:0000680","Average non-commercial storage root weight computation kg|CO_331:0002039","Average total storage root weight computation kg|CO_331:0002040","Number of storage roots-after harvest per plant harvested|CO_331:0000230","Number of storage roots-after harvest per plant planted|CO_331:0000994","Number of commercial storage roots per plant harvested|CO_331:2000036","Number of commercial storage roots per plant planted|CO_331:0000993","Storage roots yield in kg per plant harvested|CO_331:0000681","Storage roots yield in kg per plant planted|CO_331:0000989","Vine weight in kg per plant harvested|CO_331:0000990","Vine weight in kg per plant planted|CO_331:0000991","Percentage of commercial storage root|CO_331:0000682","Harvest index computing percent|CO_331:0000302","Survival index computing percent|CO_331:0000301","Total storage root weight in dry weight basis per NET plot in kg|CO_331:0000995","Commercial storage root yield tons per ha|CO_331:0000809","Commercial storage root yield adjusted tons per ha|CO_331:0000998","Total storage roots yield computation tons per ha|CO_331:0000296","Total storage roots yield adjusted tons per ha|CO_331:0000999","Total foliage yield in tons per ha|CO_331:0000684","Total foliage yield adjusted in tons per ha|CO_331:0001002","Storage root dry matter yield per NET plot in tons per ha|CO_331:0001000","Storage root dry matter yield adjusted per NET plot in tons per ha|CO_331:0001001","Biomass yield in tons per ha|CO_331:0001003","Biomass yield adjusted in tons per ha|CO_331:0001004"
"","","PEP2012PUC-AT01","","","","","","","","","PEP2012PUC-AT01-00001","","","","20","2.2","14","8","25","1.72","0.58","27.23658052","6.540813","1.699845","1.17938","45.16333","84.79742","0","64.77251","4.533135","6.799128","5.279339","0.60778","2.3","4.5","33","0.215","0.0232","0.06969697","2.357142857","1.65","0.571428571","0.4","0.164285714","0.115","0.157142857","0.11","24.24242424","51.11111111","70","0.626441352","3.822222222","5.46031746","5.111111111","7.301587302","4.888888889","6.984126984","1.392091893","1.988702705","10","14.28571429"
"","","PEP2012PUC-AT01","","","","","","","","","PEP2012PUC-AT01-00002","","","","20","5.52","13","30","25","6.5","0.76","24.60629921","4.452318","1.435502","1.048199","48.89526","96.72627","0","63.91658","4.307513","6.675335","7.919911","0.476715","7.26","12.78","55","0.216666667","0.0304","0.132","4.230769231","2.75","2.307692308","1.5","0.558461538","0.363","0.424615385","0.276","54.54545455","56.80751174","65","1.786417323","14.44444444","22.22222222","16.13333333","24.82051282","12.26666667","18.87179487","3.969816273","6.10740965","28.4","43.69230769"
"","","PEP2012PUC-AT01","","","","","","","","","PEP2012PUC-AT01-00003","","","","20","3.94","18","5","50","0.9","1.08","35.11904762","7.093947","1.736782","1.055343","101.8087","107.9253","4.378784","59.33538","2.274392","4.191392","15.63605","0.707069","1.98","5.92","55","0.18","0.0216","0.036","3.055555556","2.75","0.277777778","0.25","0.11","0.099","0.218888889","0.197","9.090909091","33.44594595","90","0.695357143","2","2.222222222","4.4","4.888888889","8.755555556","9.728395062","1.545238095","1.716931217","13.15555556","14.61728395"
"","","PEP2012PUC-AT01","","","","","","","","","PEP2012PUC-AT01-00004","","","","20","1.6","17","3","21","0.24","0.44","36.30952381","9.571534","2.08254","1.283317","50.33533","99.5117","0","66.57677","0.24477","1.536353","8.709528","0","0.68","2.28","24","0.08","0.020952381","0.028333333","1.411764706","1.2","0.176470588","0.15","0.04","0.034","0.094117647","0.08","12.5","29.8245614","85","0.246904762","0.533333333","0.62745098","1.511111111","1.777777778","3.555555556","4.183006536","0.548677249","0.645502646","5.066666667","5.960784314"
"","","PEP2012PUC-AT01","","","","","","","","","PEP2012PUC-AT01-00005","","","","20","5.78","20","14","39","1.18","0.82","27.55905512","7.119748","2.009584","1.163527","96.24548","123.6261","18.32056","51.80068","6.629775","9.795239","10.14509","1.076625","2","7.78","53","0.084285714","0.021025641","0.037735849","2.65","2.65","0.7","0.7","0.1","0.1","0.289","0.289","26.41509434","25.70694087","100","0.551181102","2.622222222","2.622222222","4.444444444","4.444444444","12.84444444","12.84444444","1.224846894","1.224846894","17.28888889","17.28888889"
"","","PEP2012PUC-AT01","","","","","","","","","PEP2012PUC-AT01-00006","","","","20","7.74","20","39","33","6.44","1.1","28.88015717","5.070629","1.64212","1.012551","116.3732","104.456","35.49088","61.88651","2.356093","3.85546","12.85263","0.585015","7.54","15.28","72","0.165128205","0.033333333","0.104722222","3.6","3.6","1.95","1.95","0.377","0.377","0.387","0.387","54.16666667","49.34554974","100","2.177563851","14.31111111","14.31111111","16.75555556","16.75555556","17.2","17.2","4.839030779","4.839030779","33.95555556","33.95555556"
"","","PEP2012PUC-AT01","","","","","","","","","PEP2012PUC-AT01-00007","","","","20","3.26","19","16","59","1.08","0.08","18.56287425","9.182519","2.787646","1.278822","140.2501","152.6609","4.110016","38.29827","11.67389","17.76758","8.419475","0.922905","1.16","4.42","75","0.0675","0.001355932","0.015466667","3.947368421","3.75","0.842105263","0.8","0.061052632","0.058","0.171578947","0.163","21.33333333","26.24434389","95","0.215329341","2.4","2.526315789","2.577777778","2.713450292","7.244444444","7.625730994","0.478509647","0.503694366","9.822222222","10.33918129"
"","","PEP2012PUC-AT01","","","","","","","","","PEP2012PUC-AT01-00008","","","","20","2.76","14","14","7","1","0.22","22.94117647","10.80473","2.891881","1.655341","91.47852","126.4776","16.48601","49.34132","3.957614","6.76779","12.71442","0.460081","1.22","3.98","21","0.071428571","0.031428571","0.058095238","1.5","1.05","1","0.7","0.087142857","0.061","0.197142857","0.138","66.66666667","30.65326633","70","0.279882353","2.222222222","3.174603175","2.711111111","3.873015873","6.133333333","8.761904762","0.621960784","0.888515406","8.844444444","12.63492063"
"","","PEP2012PUC-AT01","","","","","","","","","PEP2012PUC-AT01-00009","","","","20","1.64","16","12","16","1.04","0.42","26.28458498","5.598616","1.870441","1.02875","100.3762","104.9176","23.49121","55.1915","7.25645","10.87373","7.809449","1.105151","1.46","3.1","28","0.086666667","0.02625","0.052142857","1.75","1.4","0.75","0.6","0.09125","0.073","0.1025","0.082","42.85714286","47.09677419","80","0.383754941","2.311111111","2.888888889","3.244444444","4.055555556","3.644444444","4.555555556","0.852788757","1.065985946","6.888888889","8.611111111"
"","","PEP2012PUC-AT01","","","","","","","","","PEP2012PUC-AT01-00010","","","","20","3.42","20","23","16","3.84","0.52","24.15841584","6.887755","2.006127","1.26523","85.98975","92.7222","30.50372","56.06601","3.058456","4.627423","15.43797","0.445233","4.36","7.78","39","0.166956522","0.0325","0.111794872","1.95","1.95","1.15","1.15","0.218","0.218","0.171","0.171","58.97435897","56.04113111","100","1.053306931","8.533333333","8.533333333","9.688888889","9.688888889","7.6","7.6","2.340682068","2.340682068","17.28888889","17.28888889"
"","","PEP2012PUC-AT01","","","","","","","","","PEP2012PUC-AT01-00011","","","","20","2.65","16","23","33","4.68","1.16","25.29880478","5.992306","1.959424","1.19082","102.6426","104.3855","27.42012","56.2579","4.507095","7.227514","12.90539","0.741309","5.84","8.49","56","0.203478261","0.035151515","0.104285714","3.5","2.8","1.4375","1.15","0.365","0.292","0.165625","0.1325","41.07142857","68.78680801","80","1.477450199","10.4","13","12.97777778","16.22222222","5.888888889","7.361111111","3.283222665","4.104028331","18.86666667","23.58333333"
"","","PEP2012PUC-AT01","","","","","","","","","PEP2012PUC-AT01-00012","","","","20","1.86","15","31","30","4.72","0.96","27.36220472","6.125372","1.849676","1.200786","112.1735","98.02469","27.75443","62.41965","1.965896","3.584594","13.59526","0.342983","5.68","7.54","61","0.152258065","0.032","0.093114754","4.066666667","3.05","2.066666667","1.55","0.378666667","0.284","0.124","0.093","50.81967213","75.33156499","75","1.554173228","10.48888889","13.98518519","12.62222222","16.82962963","4.133333333","5.511111111","3.453718285","4.604957713","16.75555556","22.34074074"
"","","PEP2012PUC-AT01","","","","","","","","","PEP2012PUC-AT01-00013","","","","20","1.66","17","23","18","3.28","0.44","24.50592885","8.307615","2.579369","1.59512","138.7554","133.0926","39.99068","49.66547","2.350181","4.594342","20.3532","0.932828","3.72","5.38","41","0.142608696","0.024444444","0.090731707","2.411764706","2.05","1.352941176","1.15","0.218823529","0.186","0.097647059","0.083","56.09756098","69.14498141","85","0.911620553","7.288888889","8.575163399","8.266666667","9.725490196","3.688888889","4.339869281","2.025823452","2.383321708","11.95555556","14.06535948"
"","","PEP2012PUC-AT01","","","","","","","","","PEP2012PUC-AT01-00014","","","","20","2.08","15","17","17","2.52","0.54","26.04373757","9.53561","2.732645","1.698169","116.7445","128.09","44.24966","54.01235","1.08685","2.388101","15.17976","0.345608","3.06","5.14","34","0.148235294","0.031764706","0.09","2.266666667","1.7","1.133333333","0.85","0.204","0.153","0.138666667","0.104","50","59.53307393","75","0.79693837","5.6","7.466666667","6.8","9.066666667","4.622222222","6.162962963","1.770974155","2.361298873","11.42222222","15.22962963"
"","","PEP2012PUC-AT01","","","","","","","","","PEP2012PUC-AT01-00015","","","","20","1.84","14","15","21","1.56","0.5","32.60869565","6.856032","1.892108","1.069747","107.4938","96.09471","21.33669","61.78153","5.449282","8.410916","3.248332","0.648621","2.06","3.9","36","0.104","0.023809524","0.057222222","2.571428571","1.8","1.071428571","0.75","0.147142857","0.103","0.131428571","0.092","41.66666667","52.82051282","70","0.67173913","3.466666667","4.952380952","4.577777778","6.53968254","4.088888889","5.841269841","1.492753623","2.132505176","8.666666667","12.38095238"
"","","PEP2012PUC-AT01","","","","","","","","","PEP2012PUC-AT01-00016","","","","20","3.34","19","28","33","3.88","0.72","27.72277228","5.358639","1.735777","1.081869","72.03931","89.46851","28.86632","62.74949","3.633554","5.631487","7.796735","0.483943","4.6","7.94","61","0.138571429","0.021818182","0.075409836","3.210526316","3.05","1.473684211","1.4","0.242105263","0.23","0.175789474","0.167","45.90163934","57.93450882","95","1.275247525","8.622222222","9.076023392","10.22222222","10.76023392","7.422222222","7.812865497","2.833883389","2.983035146","17.64444444","18.57309942"
"","","PEP2012PUC-AT01","","","","","","","","","PEP2012PUC-AT01-00017","","","","20","1.84","18","20","26","2.7","0.94","23.77210216","8.124142","2.519624","1.442339","139.6564","146.392","44.724","50.1861","3.107883","6.199271","18.98559","1.096942","3.64","5.48","46","0.135","0.036153846","0.079130435","2.555555556","2.3","1.111111111","1","0.202222222","0.182","0.102222222","0.092","43.47826087","66.42335766","90","0.865304519","6","6.666666667","8.088888889","8.987654321","4.088888889","4.543209877","1.92289893","2.136554367","12.17777778","13.5308642"
"","","PEP2012PUC-AT01","","","","","","","","","PEP2012PUC-AT01-00018","","","","20","3.12","18","21","56","2.4","1.38","26.58730159","9.716512","2.572253","1.527629","123.7498","127.3592","44.67063","54.8914","1.676785","3.588974","14.69749","0.521956","3.78","6.9","77","0.114285714","0.024642857","0.049090909","4.277777778","3.85","1.166666667","1.05","0.21","0.189","0.173333333","0.156","27.27272727","54.7826087","90","1.005","5.333333333","5.925925926","8.4","9.333333333","6.933333333","7.703703704","2.233333334","2.481481482","15.33333333","17.03703704"
"","","PEP2012PUC-AT01","","","","","","","","","PEP2012PUC-AT01-00019","","","","20","3.54","19","7","24","1.18","0.66","26.48221344","4.425287","1.784986","1.038445","112.703","122.2254","35.41164","47.33899","6.30436","10.18015","15.86153","0.696866","1.84","5.38","31","0.168571429","0.0275","0.059354839","1.631578947","1.55","0.368421053","0.35","0.096842105","0.092","0.186315789","0.177","22.58064516","34.20074349","95","0.487272727","2.622222222","2.760233918","4.088888889","4.304093567","7.866666667","8.280701754","1.082828283","1.139819245","11.95555556","12.58479532"
"","","PEP2012PUC-AT01","","","","","","","","","PEP2012PUC-AT01-00020","","","","20","6.12","16","8","25","0.82","0.58","25.29644269","8.976465","2.573179","1.532919","112.1041","146.4165","42.91992","44.21654","2.937927","5.771716","19.02049","0.328579","1.4","7.52","33","0.1025","0.0232","0.042424242","2.0625","1.65","0.5","0.4","0.0875","0.07","0.3825","0.306","24.24242424","18.61702128","80","0.354150198","1.822222222","2.277777778","3.111111111","3.888888889","13.6","17","0.787000439","0.983750549","16.71111111","20.88888889"
"","","PEP2012PUC-AT01","","","","","","","","","PEP2012PUC-AT01-00021","","","","20","1.7","17","14","27","1.78","0.66","25.49019608","5.420292","1.8977","1.1536","85.8728","109.0568","28.80463","53.08831","4.056568","6.490245","14.76337","0.695055","2.44","4.14","41","0.127142857","0.024444444","0.059512195","2.411764706","2.05","0.823529412","0.7","0.143529412","0.122","0.1","0.085","34.14634146","58.93719807","85","0.621960784","3.955555556","4.653594771","5.422222222","6.379084967","3.777777778","4.444444444","1.382135076","1.626041266","9.2","10.82352941"
"","","PEP2012PUC-AT01","","","","","","","","","PEP2012PUC-AT01-00022","","","","20","4.12","20","42","42","6.18","1.28","25.24850895","5.912903","1.876625","1.213462","94.08521","98.86362","24.009","57.70775","1.911713","3.457374","17.26586","0.226432","7.46","11.58","84","0.147142857","0.03047619","0.088809524","4.2","4.2","2.1","2.1","0.373","0.373","0.206","0.206","50","64.42141623","100","1.883538768","13.73333333","13.73333333","16.57777778","16.57777778","9.155555556","9.155555556","4.185641706","4.185641706","25.73333333","25.73333333"
"","","PEP2012PUC-AT01","","","","","","","","","PEP2012PUC-AT01-00023","","","","20","2.96","20","13","14","0.84","0.78","29.1913215","5.868841","1.78244","1.097408","125.2076","119.3721","19.51122","53.18823","7.143489","11.11258","7.876123","0.590452","1.62","4.58","27","0.064615385","0.055714286","0.06","1.35","1.35","0.65","0.65","0.081","0.081","0.148","0.148","48.14814815","35.37117904","100","0.472899408","1.866666667","1.866666667","3.6","3.6","6.577777778","6.577777778","1.050887574","1.050887574","10.17777778","10.17777778"
"","","PEP2012PUC-AT01","","","","","","","","","PEP2012PUC-AT01-00024","","","","20","3.96","19","4","68","0.3","1.26","27.54491018","10.0853","2.50239","1.444458","133.6799","135.183","21.02504","53.66574","3.559769","5.972796","12.28831","0.563888","1.56","5.52","72","0.075","0.018529412","0.021666667","3.789473684","3.6","0.210526316","0.2","0.082105263","0.078","0.208421053","0.198","5.555555556","28.26086957","95","0.429700599","0.666666667","0.701754386","3.466666667","3.649122807","8.8","9.263157895","0.95489022","1.0051476","12.26666667","12.9122807"
"","","PEP2012PUC-AT01","","","","","","","","","PEP2012PUC-AT01-00025","","","","20","1.4","14","15","13","1.46","0.38","32.80632411","6.928972","2.016636","1.254853","114.2699","113.0966","25.89645","57.67129","3.403494","5.743501","7.774277","0.143871","1.84","3.24","28","0.097333333","0.029230769","0.065714286","2","1.4","1.071428571","0.75","0.131428571","0.092","0.1","0.07","53.57142857","56.79012346","70","0.603636364","3.244444444","4.634920635","4.088888889","5.841269841","3.111111111","4.444444444","1.341414141","1.916305916","7.2","10.28571429"
"","","PEP2012PUC-AT01","","","","","","","","","PEP2012PUC-AT01-00026","","","","20","3.18","14","23","23","3.78","0.84","28.0876494","7.961965","2.274166","1.310012","109.8608","118.9637","25.98148","55.09075","2.669789","4.849126","12.46915","0.118751","4.62","7.8","46","0.164347826","0.036521739","0.100434783","3.285714286","2.3","1.642857143","1.15","0.33","0.231","0.227142857","0.159","50","59.23076923","70","1.297649402","8.4","12","10.26666667","14.66666667","7.066666667","10.0952381","2.883665338","4.119521912","17.33333333","24.76190476"
"","","PEP2012PUC-AT01","","","","","","","","","PEP2012PUC-AT01-00027","","","","20","1.08","17","8","30","0.78","0.74","31.62055336","7.898682","2.154728","1.301818","124.3027","109.9601","18.59508","57.71728","3.210731","5.797229","11.07559","0.408866","1.52","2.6","38","0.0975","0.024666667","0.04","2.235294118","1.9","0.470588235","0.4","0.089411765","0.076","0.063529412","0.054","21.05263158","58.46153846","85","0.480632411","1.733333333","2.039215686","3.377777778","3.973856209","2.4","2.823529412","1.068072025","1.256555323","5.777777778","6.797385621"
"","","PEP2012PUC-AT01","","","","","","","","","PEP2012PUC-AT01-00028","","","","20","4.86","7","10","14","1.62","0.68","29.14171657","5.415184","1.755186","1.166234","113.9128","104.6519","20.14479","63.55977","1.541328","3.451061","11.94028","0.314591","2.3","7.16","24","0.162","0.048571429","0.095833333","3.428571429","1.2","1.428571429","0.5","0.328571429","0.115","0.694285714","0.243","41.66666667","32.12290503","35","0.670259481","3.6","10.28571429","5.111111111","14.6031746","10.8","30.85714286","1.489465514","4.255615753","15.91111111","45.46031746"
"","","PEP2012PUC-AT01","","","","","","","","","PEP2012PUC-AT01-00029","","","","20","0.78","16","8","10","0.62","0.28","25.54455446","5.390257","1.793513","1.077581","97.29309","105.8564","25.89534","52.12215","5.3637","8.366135","14.54717","0.538556","0.9","1.68","18","0.0775","0.028","0.05","1.125","0.9","0.5","0.4","0.05625","0.045","0.04875","0.039","44.44444444","53.57142857","80","0.22990099","1.377777778","1.722222222","2","2.5","1.733333333","2.166666667","0.510891089","0.638613862","3.733333333","4.666666667"
"","","PEP2012PUC-AT01","","","","","","","","","PEP2012PUC-AT01-00030","","","","20","2.42","19","13","25","1.52","1.02","26.07843137","6.738098","1.903868","1.20231","97.51379","111.0936","22.97414","53.17174","2.531636","4.93775","19.27531","0.302335","2.54","4.96","38","0.116923077","0.0408","0.066842105","2","1.9","0.684210526","0.65","0.133684211","0.127","0.127368421","0.121","34.21052632","51.20967742","95","0.662392157","3.377777778","3.555555556","5.644444444","5.941520468","5.377777778","5.660818713","1.471982571","1.549455338","11.02222222","11.60233918"
"","","PEP2012PUC-AT01","","","","","","","","","PEP2012PUC-AT01-00031","","","","20","1.9","20","25","19","3.5","0.44","25.04970179","5.208746","1.897478","1.204424","118.1699","115.3261","28.43924","53.97079","4.340256","7.211418","15.15789","0.592365","3.94","5.84","44","0.14","0.023157895","0.089545455","2.2","2.2","1.25","1.25","0.197","0.197","0.095","0.095","56.81818182","67.46575342","100","0.986958251","7.777777778","7.777777778","8.755555556","8.755555556","4.222222222","4.222222222","2.193240557","2.193240557","12.97777778","12.97777778"
"","","PEP2012PUC-AT01","","","","","","","","","PEP2012PUC-AT01-00032","","","","20","2.92","17","16","35","2.18","1.4","25.99206349","9.161331","2.512298","1.613719","118.6376","144.541","23.41345","54.48591","2.291778","4.862149","16.80984","0.597006","3.58","6.5","51","0.13625","0.04","0.070196078","3","2.55","0.941176471","0.8","0.210588235","0.179","0.171764706","0.146","31.37254902","55.07692308","85","0.930515873","4.844444444","5.699346405","7.955555556","9.359477124","6.488888889","7.633986928","2.067813051","2.432721236","14.44444444","16.99346405"
"","","PEP2012PUC-AT01","","","","","","","","","PEP2012PUC-AT01-00033","","","","20","2.66","13","14","23","1.56","0.44","23.36633663","4.822277","1.743222","1.046482","147.3622","123.7421","28.09174","47.72354","4.898424","7.780135","22.38492","0.838652","2","4.66","37","0.111428571","0.019130435","0.054054054","2.846153846","1.85","1.076923077","0.7","0.153846154","0.1","0.204615385","0.133","37.83783784","42.91845494","65","0.467326733","3.466666667","5.333333333","4.444444444","6.837606838","5.911111111","9.094017094","1.03850385","1.597698231","10.35555556","15.93162393"
"","","PEP2012PUC-AT01","","","","","","","","","PEP2012PUC-AT01-00034","","","","20","3.6","17","17","105","1.6","1.38","22.39685658","5.540674","1.867114","1.159871","100.6686","116.0532","28.0639","48.57678","3.154985","5.203716","24.2657","0.636595","2.98","6.58","122","0.094117647","0.013142857","0.02442623","7.176470588","6.1","1","0.85","0.175294118","0.149","0.211764706","0.18","13.93442623","45.2887538","85","0.667426326","3.555555556","4.183006536","6.622222222","7.790849673","8","9.411764706","1.483169614","1.744905428","14.62222222","17.20261438"
"","","PEP2012PUC-AT01","","","","","","","","","PEP2012PUC-AT01-00035","","","","20","3.44","16","23","21","3.66","0.6","32.80943026","4.746246","1.58152","1.03854","88.95239","91.58931","18.79878","66.09847","2.029434","3.89099","9.448187","0.641213","4.26","7.7","44","0.159130435","0.028571429","0.096818182","2.75","2.2","1.4375","1.15","0.26625","0.213","0.215","0.172","52.27272727","55.32467532","80","1.397681729","8.133333333","10.16666667","9.466666667","11.83333333","7.644444444","9.555555556","3.105959398","3.882449247","17.11111111","21.38888889"
"","","PEP2012PUC-AT01","","","","","","","","","PEP2012PUC-AT01-00036","","","","20","4.68","18","26","24","4.64","0.6","27.36220472","3.893782","1.557925","1.005613","93.00342","100.9388","21.68222","62.58289","2.193195","4.14649","14.21777","0.736317","5.24","9.92","50","0.178461538","0.025","0.1048","2.777777778","2.5","1.444444444","1.3","0.291111111","0.262","0.26","0.234","52","52.82258065","90","1.433779527","10.31111111","11.45679012","11.64444444","12.9382716","10.4","11.55555556","3.186176727","3.540196364","22.04444444","24.49382716"
"","","PEP2012PUC-AT01","","","","","","","","","PEP2012PUC-AT01-00037","","","","20","4.1","16","13","39","1.7","1.24","29.48207171","6.997665","2.043841","1.35732","92.89758","106.8896","23.31757","53.93844","2.947984","5.388543","18.35437","0.746912","2.94","7.04","52","0.130769231","0.031794872","0.056538462","3.25","2.6","0.8125","0.65","0.18375","0.147","0.25625","0.205","25","41.76136364","80","0.866772908","3.777777778","4.722222222","6.533333333","8.166666667","9.111111111","11.38888889","1.926162018","2.407702523","15.64444444","19.55555556"
"","","PEP2012PUC-AT01","","","","","","","","","PEP2012PUC-AT01-00038","","","","20","4.7","15","20","47","2.38","1.48","27.38095238","6.899141","1.986044","1.326468","49.24231","89.39839","19.5797","61.31979","1.698374","3.582332","13.89622","0.429002","3.86","8.56","67","0.119","0.031489362","0.05761194","4.466666667","3.35","1.333333333","1","0.257333333","0.193","0.313333333","0.235","29.85074627","45.09345794","75","1.056904762","5.288888889","7.051851852","8.577777778","11.43703704","10.44444444","13.92592593","2.348677249","3.131569665","19.02222222","25.36296296"
"","","PEP2012PUC-AT01","","","","","","","","","PEP2012PUC-AT01-00039","","","","20","3.5","18","18","26","2.02","0.84","29.36507937","5.956919","1.826476","1.137733","104.7162","93.24899","15.10912","59.13839","4.747756","7.305895","7.587573","0.314963","2.86","6.36","44","0.112222222","0.032307692","0.065","2.444444444","2.2","1","0.9","0.158888889","0.143","0.194444444","0.175","40.90909091","44.96855346","90","0.83984127","4.488888889","4.987654321","6.355555556","7.061728395","7.777777778","8.641975309","1.866313933","2.073682148","14.13333333","15.7037037"
"","","PEP2012PUC-AT01","","","","","","","","","PEP2012PUC-AT01-00040","","","","20","4.82","17","13","38","2.18","1.08","29.35420744","7.868641","2.07281","1.356085","91.22754","92.48019","25.10896","60.1287","3.048054","4.981455","8.634434","0.4821","3.26","8.08","51","0.167692308","0.028421053","0.063921569","3","2.55","0.764705882","0.65","0.191764706","0.163","0.283529412","0.241","25.49019608","40.34653465","85","0.956947163","4.844444444","5.699346405","7.244444444","8.522875817","10.71111111","12.60130719","2.12654925","2.501822647","17.95555556","21.12418301"
"","","PEP2012PUC-AT01","","","","","","","","","PEP2012PUC-AT01-00041","","","","20","2.16","19","34","29","4.06","0.88","22.97029703","5.365469","2.034533","1.279737","131.363","122.6925","25.50446","54.22216","5.41004","8.465874","10.45325","0.68051","4.94","7.1","63","0.119411765","0.030344828","0.078412698","3.315789474","3.15","1.789473684","1.7","0.26","0.247","0.113684211","0.108","53.96825397","69.57746479","95","1.134732673","9.022222222","9.497076023","10.97777778","11.55555556","4.8","5.052631579","2.521628163","2.654345435","15.77777778","16.60818713"
"","","PEP2012PUC-AT01","","","","","","","","","PEP2012PUC-AT01-00042","","","","20","2.06","13","20","26","2.34","0.72","24.06311637","5.749281","2.025802","1.300814","104.6787","108.813","30.53685","61.02227","3.141766","5.238679","9.203503","0.557233","3.06","5.12","46","0.117","0.027692308","0.066521739","3.538461538","2.3","1.538461538","1","0.235384615","0.153","0.158461538","0.103","43.47826087","59.765625","65","0.736331361","5.2","8","6.8","10.46153846","4.577777778","7.042735043","1.636291913","2.517372174","11.37777778","17.5042735"
"","","PEP2012PUC-AT01","","","","","","","","","PEP2012PUC-AT01-00043","","","","20","2.76","20","25","46","2.94","1.46","25.39370079","7.540073","2.267837","1.373087","142.9564","128.2101","37.67575","52.83876","3.068707","5.509031","14.5576","0.553275","4.4","7.16","71","0.1176","0.03173913","0.061971831","3.55","3.55","1.25","1.25","0.22","0.22","0.138","0.138","35.21126761","61.45251397","100","1.117322835","6.533333333","6.533333333","9.777777778","9.777777778","6.133333333","6.133333333","2.482939633","2.482939633","15.91111111","15.91111111"
"","","PEP2012PUC-AT01","","","","","","","","","PEP2012PUC-AT01-00044","","","","20","4.52","10","17","15","3.14","0.52","29.6222664","10.10904","2.694193","1.662025","106.8615","142.409","32.15474","52.65433","1.085493","2.641943","13.426","0.243439","3.66","8.18","32","0.184705882","0.034666667","0.114375","3.2","1.6","1.7","0.85","0.366","0.183","0.452","0.226","53.125","44.74327628","50","1.08417495","6.977777778","13.95555556","8.133333333","16.26666667","10.04444444","20.08888889","2.409277667","4.818555334","18.17777778","36.35555556"
"","","PEP2012PUC-AT01","","","","","","","","","PEP2012PUC-AT01-00045","","","","20","2.28","17","29","27","4.58","0.74","23.61111111","5.605812","1.908251","1.108951","109.0062","108.2896","28.4574","47.9254","8.729631","12.85152","12.6191","1.063281","5.32","7.6","56","0.157931034","0.027407407","0.095","3.294117647","2.8","1.705882353","1.45","0.312941176","0.266","0.134117647","0.114","51.78571429","70","85","1.256111111","10.17777778","11.97385621","11.82222222","13.90849673","5.066666667","5.960784314","2.791358025","3.283950617","16.88888889","19.86928105"
"","","PEP2012PUC-AT01","","","","","","","","","PEP2012PUC-AT01-00046","","","","20","3.9","18","36","26","6.08","0.82","24.21259843","6.97816","2.123124","1.369814","109.2767","116.8896","30.6109","56.88715","2.767259","4.547281","16.44535","0.811987","6.9","10.8","62","0.168888889","0.031538462","0.111290323","3.444444444","3.1","2","1.8","0.383333333","0.345","0.216666667","0.195","58.06451613","63.88888889","90","1.670669292","13.51111111","15.01234568","15.33333333","17.03703704","8.666666667","9.62962963","3.712598426","4.125109362","24","26.66666667"
"","","PEP2012PUC-AT01","","","","","","","","","PEP2012PUC-AT01-00047","","","","20","3.04","20","32","45","3.52","1.14","24.20634921","6.217538","2.119187","1.212635","139.6311","137.4364","36.05405","52.48846","4.526784","7.375289","15.98564","0.967983","4.66","7.7","77","0.11","0.025333333","0.060519481","3.85","3.85","1.6","1.6","0.233","0.233","0.152","0.152","41.55844156","60.51948052","100","1.128015873","7.822222222","7.822222222","10.35555556","10.35555556","6.755555556","6.755555556","2.50670194","2.50670194","17.11111111","17.11111111"
"","","PEP2012PUC-AT01","","","","","","","","","PEP2012PUC-AT01-00048","","","","20","","","","","","","22.72727273","5.18902","2.055725","1.311257","124.2201","137.4413","39.39006","55.54602","2.542811","5.005961","17.58601","0.83791","","","","","","","","","","","","","","","","","","","","","","","","","","","",""
"","","PEP2012PUC-AT01","","","","","","","","","PEP2012PUC-AT01-00049","","","","20","2.94","17","6","6","0.7","0.18","28.03180915","7.899914","1.997361","1.133248","132.8112","111.0375","25.45076","51.52548","6.348865","10.1102","10.67903","0.77896","0.88","3.82","12","0.116666667","0.03","0.073333333","0.705882353","0.6","0.352941176","0.3","0.051764706","0.044","0.172941176","0.147","50","23.03664921","85","0.246679921","1.555555556","1.830065359","1.955555556","2.300653595","6.533333333","7.68627451","0.548177601","0.644914825","8.488888889","9.986928105"
"","","PEP2012PUC-AT01","","","","","","","","","PEP2012PUC-AT01-00050","","","","20","2.28","11","8","9","0.92","0.2","28.68369352","5.752367","1.656827","1.038552","104.666","93.49518","24.55006","58.91078","3.447236","5.678251","11.75434","0.301061","1.12","3.4","17","0.115","0.022222222","0.065882353","1.545454545","0.85","0.727272727","0.4","0.101818182","0.056","0.207272727","0.114","47.05882353","32.94117647","55","0.321257367","2.044444444","3.717171717","2.488888889","4.525252525","5.066666667","9.212121212","0.713905261","1.298009565","7.555555556","13.73737374"
"","","PEP2012PUC-AT01","","","","","","","","","PEP2012PUC-AT01-00051","","","","20","6.28","20","4","56","0.64","1.12","26.04373757","7.399682","2.154282","1.286767","150.343","138.6783","29.68733","44.52959","6.016362","9.761326","19.75388","1.457388","1.76","8.04","60","0.16","0.02","0.029333333","3","3","0.2","0.2","0.088","0.088","0.314","0.314","6.666666667","21.89054726","100","0.458369781","1.422222222","1.422222222","3.911111111","3.911111111","13.95555556","13.95555556","1.018599514","1.018599514","17.86666667","17.86666667"
"","","PEP2012PUC-AT01","","","","","","","","","PEP2012PUC-AT01-00052","","","","20","6.28","19","21","54","1.98","1.16","25.49407115","6.916232","2.044337","1.315112","99.42053","119.866","37.27921","51.79686","1.801496","3.636455","20.6147","0.635889","3.14","9.42","75","0.094285714","0.021481481","0.041866667","3.947368421","3.75","1.105263158","1.05","0.165263158","0.157","0.330526316","0.314","28","33.33333333","95","0.800513834","4.4","4.631578947","6.977777778","7.34502924","13.95555556","14.69005848","1.778919631","1.87254698","20.93333333","22.03508772"
"","","PEP2012PUC-AT01","","","","","","","","","PEP2012PUC-AT01-00053","","","","20","4.26","12","14","33","3.1","0.94","21.47117296","6.559789","2.259949","1.347252","109.7491","110.7586","36.17741","48.26162","6.136582","9.238803","17.03583","1.01373","4.04","8.3","47","0.221428571","0.028484848","0.085957447","3.916666667","2.35","1.166666667","0.7","0.336666667","0.202","0.355","0.213","29.78723404","48.6746988","60","0.867435388","6.888888889","11.48148148","8.977777778","14.96296296","9.466666667","15.77777778","1.927634195","3.212723658","18.44444444","30.74074074"
"","","PEP2012PUC-AT01","","","","","","","","","PEP2012PUC-AT01-00054","","","","20","3.42","11","20","16","2.7","0.38","24.50199203","8.07193","2.408918","1.517697","109.5713","116.5881","36.7696","55.48403","3.391555","5.551364","13.54329","0.556916","3.08","6.5","36","0.135","0.02375","0.085555556","3.272727273","1.8","1.818181818","1","0.28","0.154","0.310909091","0.171","55.55555556","47.38461538","55","0.754661355","6","10.90909091","6.844444444","12.44444444","7.6","13.81818182","1.677025232","3.049136786","14.44444444","26.26262626"
"","","PEP2012PUC-AT01","","","","","","","","","PEP2012PUC-AT01-00055","","","","20","3.3","19","23","24","2.94","0.82","27.61341223","6.801095","1.86837","1.139428","72.82129","100.6167","41.25901","55.05067","3.142681","5.078107","14.99121","0.647076","3.76","7.06","47","0.127826087","0.034166667","0.08","2.473684211","2.35","1.210526316","1.15","0.197894737","0.188","0.173684211","0.165","48.93617021","53.25779037","95","1.0382643","6.533333333","6.877192982","8.355555556","8.795321637","7.333333333","7.719298246","2.307254","2.428688421","15.68888889","16.51461988"
"","","PEP2012PUC-AT01","","","","","","","","","PEP2012PUC-AT01-00056","","","","20","4.46","20","30","33","3.32","1.04","26.58730159","5.862019","1.855023","1.104375","114.005","103.8385","33.96871","57.16109","3.728128","6.177877","13.16723","0.599933","4.36","8.82","63","0.110666667","0.031515152","0.069206349","3.15","3.15","1.5","1.5","0.218","0.218","0.223","0.223","47.61904762","49.43310658","100","1.159206349","7.377777778","7.377777778","9.688888889","9.688888889","9.911111111","9.911111111","2.57601411","2.57601411","19.6","19.6"
"","","PEP2012PUC-AT01","","","","","","","","","PEP2012PUC-AT01-00057","","","","20","3.58","19","37","140","4.4","2.86","20.75098814","7.37412","2.359419","1.331346","117.0303","130.4643","36.72393","41.12502","6.601022","10.23032","22.21032","0.83746","7.26","10.84","177","0.118918919","0.020428571","0.041016949","9.315789474","8.85","1.947368421","1.85","0.382105263","0.363","0.188421053","0.179","20.9039548","66.97416974","95","1.506521739","9.777777778","10.29239766","16.13333333","16.98245614","7.955555556","8.374269006","3.347826087","3.52402746","24.08888889","25.35672515"
"","","PEP2012PUC-AT01","","","","","","","","","PEP2012PUC-AT01-00058","","","","20","4.54","17","45","108","5.2","2.16","19.52662722","6.7665","2.387656","1.321506","167.2371","146.3146","32.40903","43.86901","6.589295","10.5119","18.08452","0.664505","7.36","11.9","153","0.115555556","0.02","0.048104575","9","7.65","2.647058824","2.25","0.432941176","0.368","0.267058824","0.227","29.41176471","61.8487395","85","1.437159763","11.55555556","13.59477124","16.35555556","19.24183007","10.08888889","11.86928105","3.193688363","3.757280427","26.44444444","31.11111111"
"","","PEP2012PUC-AT01","","","","","","","","","PEP2012PUC-AT01-00059","","","","20","2.96","20","17","52","2.08","1.22","25.88932806","8.913815","2.495307","1.501965","100.0146","121.1705","36.30434","49.52145","1.982779","4.035509","21.30958","0.550294","3.3","6.26","69","0.122352941","0.023461538","0.047826087","3.45","3.45","0.85","0.85","0.165","0.165","0.148","0.148","24.63768116","52.71565495","100","0.854347826","4.622222222","4.622222222","7.333333333","7.333333333","6.577777778","6.577777778","1.898550724","1.898550724","13.91111111","13.91111111"
"","","PEP2012PUC-AT01","","","","","","","","","PEP2012PUC-AT01-00060","","","","20","3.16","20","15","57","2.64","1.86","22.72727273","7.204828","2.290175","1.400893","104.0533","118.5114","34.01981","48.96774","2.05511","4.299604","23.70356","0.565946","4.5","7.66","72","0.176","0.032631579","0.0625","3.6","3.6","0.75","0.75","0.225","0.225","0.158","0.158","20.83333333","58.74673629","100","1.022727273","5.866666667","5.866666667","10","10","7.022222222","7.022222222","2.272727273","2.272727273","17.02222222","17.02222222"
"","","PEP2012PUC-AT01","","","","","","","","","PEP2012PUC-AT01-00061","","","","20","2.1","20","8","34","1.22","0.96","27.12871287","7.146172","1.937002","1.306071","68.87708","109.0917","","56.03002","4.394482","7.380295","13.16878","0.685027","2.18","4.28","42","0.1525","0.028235294","0.051904762","2.1","2.1","0.4","0.4","0.109","0.109","0.105","0.105","19.04761905","50.93457944","100","0.591405941","2.711111111","2.711111111","4.844444444","4.844444444","4.666666667","4.666666667","1.314235423","1.314235423","9.511111111","9.511111111"
"","","PEP2012PUC-AT01","","","","","","","","","PEP2012PUC-AT01-00062","","","","20","2.48","16","14","20","1.7","0.62","24.8015873","5.355658","1.759076","1.322861","53.27039","101.5778","","58.4666","3.161385","5.716193","14.60303","0.493144","2.32","4.8","34","0.121428571","0.031","0.068235294","2.125","1.7","0.875","0.7","0.145","0.116","0.155","0.124","41.17647059","48.33333333","80","0.575396825","3.777777778","4.722222222","5.155555556","6.444444444","5.511111111","6.888888889","1.278659612","1.598324515","10.66666667","13.33333333"
"","","PEP2012PUC-AT01","","","","","","","","","PEP2012PUC-AT01-00063","","","","20","4.26","17","0","16","0","0.34","32.80632411","8.832531","2.274365","1.344889","143.1111","121.4877","35.00979","53.30567","4.985738","7.705448","11.66825","0.853725","0.34","4.6","16","","0.02125","0.02125","0.941176471","0.8","0","0","0.02","0.017","0.250588235","0.213","0","7.391304348","85","0.111541502","0","0","0.755555556","0.888888889","9.466666667","11.1372549","0.247870004","0.29161177","10.22222222","12.02614379"
"","","PEP2012PUC-AT01","","","","","","","","","PEP2012PUC-AT01-00064","","","","20","4.96","15","14","20","0.94","0.4","29.9009901","5.748888","1.894749","1.235658","153.6273","121.9337","35.34732","59.16521","2.437019","4.824105","14.51657","0.640067","1.34","6.3","34","0.067142857","0.02","0.039411765","2.266666667","1.7","0.933333333","0.7","0.089333333","0.067","0.330666667","0.248","41.17647059","21.26984127","75","0.400673267","2.088888889","2.785185185","2.977777778","3.97037037","11.02222222","14.6962963","0.890385039","1.187180051","14","18.66666667"
"","","PEP2012PUC-AT01","","","","","","","","","PEP2012PUC-AT01-00065","","","","20","5.1","16","13","25","1.14","0.54","29.64426877","8.392634","2.175491","1.287082","94.24902","111.3497","26.23357","52.4786","4.346214","6.766638","14.23989","0.659443","1.68","6.78","38","0.087692308","0.0216","0.044210526","2.375","1.9","0.8125","0.65","0.105","0.084","0.31875","0.255","34.21052632","24.77876106","80","0.498023715","2.533333333","3.166666667","3.733333333","4.666666667","11.33333333","14.16666667","1.106719367","1.383399209","15.06666667","18.83333333"
"","","PEP2012PUC-AT01","","","","","","","","","PEP2012PUC-AT01-00066","","","","20","4.76","19","30","51","2.68","0.94","27.32673267","5.785593","1.956159","1.267451","103.0404","107.0589","27.09259","58.79696","2.207326","4.309746","14.96021","0.51963","3.62","8.38","81","0.089333333","0.018431373","0.044691358","4.263157895","4.05","1.578947368","1.5","0.190526316","0.181","0.250526316","0.238","37.03703704","43.19809069","95","0.989227723","5.955555556","6.269005848","8.044444444","8.467836257","10.57777778","11.13450292","2.198283828","2.313982977","18.62222222","19.60233918"
"","","PEP2012PUC-AT01","","","","","","","","","PEP2012PUC-AT01-00067","","","","20","2.04","20","29","160","2.02","2.16","28.11881188","9.60088","2.524107","1.415634","64.69421","112.7363","24.16945","53.68348","3.501761","6.297593","12.54139","0.404082","4.18","6.22","189","0.069655172","0.0135","0.022116402","9.45","9.45","1.45","1.45","0.209","0.209","0.102","0.102","15.34391534","67.20257235","100","1.175366337","4.488888889","4.488888889","9.288888889","9.288888889","4.533333333","4.533333333","2.611925192","2.611925192","13.82222222","13.82222222"
"","","PEP2012PUC-AT01","","","","","","","","","PEP2012PUC-AT01-00068","","","","20","2.54","18","20","101","2.34","2.48","27.70137525","5.809521","1.968952","1.159176","78.48254","104.5884","26.52765","62.05434","1.505037","3.833104","12.9099","0.126047","4.82","7.36","121","0.117","0.024554455","0.039834711","6.722222222","6.05","1.111111111","1","0.267777778","0.241","0.141111111","0.127","16.52892562","65.48913043","90","1.335206287","5.2","5.777777778","10.71111111","11.90123457","5.644444444","6.271604938","2.967125082","3.296805647","16.35555556","18.17283951"
"","","PEP2012PUC-AT01","","","","","","","","","PEP2012PUC-AT01-00069","","","","20","7.8","18","6","18","0.6","0.48","36.61417323","5.816748","1.745608","1.101275","97.14587","95.88033","12.07448","64.58128","2.480426","4.60741","7.038012","0.63555","1.08","8.88","24","0.1","0.026666667","0.045","1.333333333","1.2","0.333333333","0.3","0.06","0.054","0.433333333","0.39","25","12.16216216","90","0.395433071","1.333333333","1.481481481","2.4","2.666666667","17.33333333","19.25925926","0.878740158","0.976377953","19.73333333","21.92592593"
"","","PEP2012PUC-AT01","","","","","","","","","PEP2012PUC-AT01-00070","","","","20","8.12","15","8","13","0.8","0.44","35.51587302","5.231669","1.776468","1.188837","84.30383","91.16182","17.0665","67.91531","0.868722","2.803101","8.344076","0.381396","1.24","9.36","21","0.1","0.033846154","0.059047619","1.4","1.05","0.533333333","0.4","0.082666667","0.062","0.541333333","0.406","38.0952381","13.24786325","75","0.440396825","1.777777778","2.37037037","2.755555556","3.674074074","18.04444444","24.05925926","0.978659612","1.304879483","20.8","27.73333333"
"","","PEP2012PUC-AT01","","","","","","","","","PEP2012PUC-AT01-00071","","","","20","2.16","19","19","55","1.52","0.86","30.67729084","5.050623","1.643547","0.949176","101.6635","94.49048","36.5176","57.32413","3.576269","5.995796","14.58463","0.631522","2.38","4.54","74","0.08","0.015636364","0.032162162","3.894736842","3.7","1","0.95","0.125263158","0.119","0.113684211","0.108","25.67567568","52.42290749","95","0.730119522","3.377777778","3.555555556","5.288888889","5.567251462","4.8","5.052631579","1.622487827","1.707881923","10.08888889","10.61988304"
"","","PEP2012PUC-AT01","","","","","","","","","PEP2012PUC-AT01-00072","","","","20","5.04","19","30","100","2.38","2.76","27.02169625","4.873568","1.813086","1.146961","121.4539","115.1489","29.99004","57.62349","2.72856","5.37686","15.83149","0.993006","5.14","10.18","130","0.079333333","0.0276","0.039538462","6.842105263","6.5","1.578947368","1.5","0.270526316","0.257","0.265263158","0.252","23.07692308","50.49115914","95","1.388915187","5.288888889","5.567251462","11.42222222","12.02339181","11.2","11.78947368","3.086478194","3.248924415","22.62222222","23.8128655"
"","","PEP2012PUC-AT01","","","","","","","","","PEP2012PUC-AT01-00073","","","","20","1.52","11","6","16","0.82","0.36","31.34920635","7.649279","2.106369","1.341626","100.0688","100.6871","29.82613","57.63214","2.989451","5.17636","11.48761","0.720297","1.18","2.7","22","0.136666667","0.0225","0.053636364","2","1.1","0.545454545","0.3","0.107272727","0.059","0.138181818","0.076","27.27272727","43.7037037","55","0.369920635","1.822222222","3.313131313","2.622222222","4.767676768","3.377777778","6.141414141","0.822045855","1.494628828","6","10.90909091"
"","","PEP2012PUC-AT01","","","","","","","","","PEP2012PUC-AT01-00074","","","","20","4.44","15","17","21","2.12","0.7","32.74161736","5.030754","1.588639","1.066144","110.2592","85.62857","26.09499","66.45","2.011149","3.948709","7.608226","0.44854","2.82","7.26","38","0.124705882","0.033333333","0.074210526","2.533333333","1.9","1.133333333","0.85","0.188","0.141","0.296","0.222","44.73684211","38.84297521","75","0.92331361","4.711111111","6.281481481","6.266666667","8.355555556","9.866666667","13.15555556","2.051808021","2.735744028","16.13333333","21.51111111"
"","","PEP2012PUC-AT01","","","","","","","","","PEP2012PUC-AT01-00075","","","","20","5.22","20","34","112","2.98","1.84","27.36220472","7.99344","2.287878","1.268292","116.7274","119.1796","36.29929","51.80346","4.07626","7.053458","15.33429","1.015754","4.82","10.04","146","0.087647059","0.016428571","0.033013699","7.3","7.3","1.7","1.7","0.241","0.241","0.261","0.261","23.28767123","48.00796813","100","1.318858268","6.622222222","6.622222222","10.71111111","10.71111111","11.6","11.6","2.93079615","2.93079615","22.31111111","22.31111111"
"","","PEP2012PUC-AT01","","","","","","","","","PEP2012PUC-AT01-00076","","","","20","4.72","20","16","74","1.84","2.36","29.66601179","7.254959","2.205285","1.337247","119.5436","119.3743","34.83646","55.55897","1.888391","4.210456","16.77486","0.697972","4.2","8.92","90","0.115","0.031891892","0.046666667","4.5","4.5","0.8","0.8","0.21","0.21","0.236","0.236","17.77777778","47.08520179","100","1.245972495","4.088888889","4.088888889","9.333333333","9.333333333","10.48888889","10.48888889","2.768827767","2.768827767","19.82222222","19.82222222"
"","","PEP2012PUC-AT01","","","","","","","","","PEP2012PUC-AT01-00077","","","","20","2.28","16","24","30","3.68","0.8","24.20634921","5.884541","1.792996","1.004705","109.7311","92.42007","7.937866","51.33204","7.426759","10.41056","11.90656","1.136684","4.48","6.76","54","0.153333333","0.026666667","0.082962963","3.375","2.7","1.5","1.2","0.28","0.224","0.1425","0.114","44.44444444","66.27218935","80","1.084444445","8.177777778","10.22222222","9.955555556","12.44444444","5.066666667","6.333333333","2.409876544","3.012345679","15.02222222","18.77777778"
"","","PEP2012PUC-AT01","","","","","","","","","PEP2012PUC-AT01-00078","","","","20","1.76","9","11","8","3.4","0.4","22.81746032","4.704275","1.687378","1.009646","88.61914","87.24585","5.981323","54.45226","5.931188","8.652827","12.12637","0.832191","3.8","5.56","19","0.309090909","0.05","0.2","2.111111111","0.95","1.222222222","0.55","0.422222222","0.19","0.195555556","0.088","57.89473684","68.34532374","45","0.867063492","7.555555556","16.79012346","8.444444444","18.7654321","3.911111111","8.691358025","1.92680776","4.281795023","12.35555556","27.45679012"
"","","PEP2012PUC-AT01","","","","","","","","","PEP2012PUC-AT01-00079","","","","20","5.42","17","11","50","1.7","1.26","27.92079208","5.977974","1.951782","1.169938","73.76172","85.52525","44.04742","59.20983","3.253514","5.111451","13.00036","0.90029","2.96","8.38","61","0.154545455","0.0252","0.04852459","3.588235294","3.05","0.647058824","0.55","0.174117647","0.148","0.318823529","0.271","18.03278689","35.3221957","85","0.826455446","3.777777778","4.444444444","6.577777778","7.738562092","12.04444444","14.16993464","1.836567657","2.160667832","18.62222222","21.90849673"
"","","PEP2012PUC-AT01","","","","","","","","","PEP2012PUC-AT01-00080","","","","20","3.18","17","25","24","3.22","0.52","25.49019608","4.00437","1.569123","0.972739","77.98926","77.48074","42.04125","59.90821","2.797351","4.45731","14.60081","0.54703","3.74","6.92","49","0.1288","0.021666667","0.076326531","2.882352941","2.45","1.470588235","1.25","0.22","0.187","0.187058824","0.159","51.02040816","54.04624277","85","0.953333333","7.155555556","8.418300654","8.311111111","9.777777778","7.066666667","8.31372549","2.118518519","2.492374728","15.37777778","18.09150327"
"","","PEP2012PUC-AT01","","","","","","","","","PEP2012PUC-AT01-00081","","","","20","9","18","27","29","5.96","0.98","26.28458498","4.509663","1.637623","0.848505","68.45044","95.27461","22.91417","48.72678","7.925391","11.74733","12.41651","0.886905","6.94","15.94","56","0.220740741","0.033793103","0.123928571","3.111111111","2.8","1.5","1.35","0.385555556","0.347","0.5","0.45","48.21428571","43.53826851","90","1.824150198","13.24444444","14.71604938","15.42222222","17.13580247","20","22.22222222","4.053667106","4.504074562","35.42222222","39.35802469"
"","","PEP2012PUC-AT01","","","","","","","","","PEP2012PUC-AT01-00082","","","","20","5.68","19","15","35","2.28","1.4","29.16666667","3.598251","1.326864","0.798109","135.2328","94.07127","30.07636","56.81763","5.334671","8.088607","11.05019","0.86104","3.68","9.36","50","0.152","0.04","0.0736","2.631578947","2.5","0.789473684","0.75","0.193684211","0.184","0.298947368","0.284","30","39.31623932","95","1.073333333","5.066666667","5.333333333","8.177777778","8.608187135","12.62222222","13.28654971","2.385185185","2.510721248","20.8","21.89473684"
"","","PEP2012PUC-AT01","","","","","","","","","PEP2012PUC-AT01-00083","","","","20","","","","","","","39.4891945","7.10659","1.630578","1.265563","64.95569","82.22639","0","69.31796","0.787747","2.207421","5.793774","0.498948","","","","","","","","","","","","","","","","","","","","","","","","","","","",""
"","","PEP2012PUC-AT01","","","","","","","","","PEP2012PUC-AT01-00084","","","","20","15.94","20","25","20","4.82","0.92","37.27810651","7.22371","1.709419","1.359667","47.44714","71.74623","0","70.24477","0.445794","1.788407","4.968896","0.134069","5.74","21.68","45","0.1928","0.046","0.127555556","2.25","2.25","1.25","1.25","0.287","0.287","0.797","0.797","55.55555556","26.47601476","100","2.139763314","10.71111111","10.71111111","12.75555556","12.75555556","35.42222222","35.42222222","4.755029586","4.755029586","48.17777778","48.17777778"
