"studyYear","studyDbId","studyName","studyDesign","locationDbId","locationName","germplasmDbId","germplasmName","germplasmSynonyms","observationLevel","observationUnitDbId","observationUnitName","replicate","blockNumber","plotNumber","Number of plants planted per NET plot|CO_331:0000678","Number of plants established per NET plot|CO_331:0000192","Virus symptoms estimating 1-9|CO_331:0000193","Virus symptoms estimating 1-9|month 1|before harvest|COMP:0000024","Vine vigor estimating 1-9|CO_331:0000197","Number of plants harvested per NET plot|CO_331:0000679","Weight of commercial storage roots per NET plot in kg|CO_331:0000220","Weight of non-commercial storage roots per NET plot in kg|CO_331:0000223","Weight of vines per NET plot in kg|CO_331:0000227","Reaction to sweet potato weevil estimating 1-9|CO_331:0000207","Content of beta-carotene in fresh weight basis in raw storage roots estimating from RHS color chart in mg per 100g|CO_331:0001023","Total storage root weight per NET plot in kg|CO_331:0000237","Biomass yield in kg per plot|CO_331:0000683","Storage roots yield in kg per plant harvested|CO_331:0000681","Storage roots yield in kg per plant planted|CO_331:0000989","Vine weight in kg per plant harvested|CO_331:0000990","Vine weight in kg per plant planted|CO_331:0000991","Harvest index computing percent|CO_331:0000302","Survival index computing percent|CO_331:0000301","Commercial storage root yield tons per ha|CO_331:0000809","Commercial storage root yield adjusted tons per ha|CO_331:0000998","Total storage roots yield computation tons per ha|CO_331:0000296","Total storage roots yield adjusted tons per ha|CO_331:0000999","Total foliage yield in tons per ha|CO_331:0000684","Total foliage yield adjusted in tons per ha|CO_331:0001002","Biomass yield in tons per ha|CO_331:0001003","Biomass yield adjusted in tons per ha|CO_331:0001004"
"","","MZP2009CKE-PT01","","","","","","","","","MZP2009CKE-PT01-00001","","","","26","4","1","1","3","4","0","1.5","5.5","4","7.76","1.5","7","0.375","0.057692308","1.375","0.211538462","21.42857143","15.38461538","0","0","2.136752137","13.88888889","7.834757835","50.92592593","9.971509972","64.81481481"
"","","MZP2009CKE-PT01","","","","","","","","","MZP2009CKE-PT01-00002","","","","26","23","1","1","9","15","5.6","4","18.4","4","7.76","9.6","28","0.64","0.369230769","1.226666667","0.707692308","34.28571429","57.69230769","7.977207977","13.82716049","13.67521368","23.7037037","26.21082621","45.43209877","39.88603989","69.13580247"
"","","MZP2009CKE-PT01","","","","","","","","","MZP2009CKE-PT01-00003","","","","26","15","1","1","4","15","8","8.5","8.5","4","11.03","16.5","25","1.1","0.634615385","0.566666667","0.326923077","66","57.69230769","11.3960114","19.75308642","23.5042735","40.74074074","12.10826211","20.98765432","35.61253561","61.72839506"
"","","MZP2009CKE-PT01","","","","","","","","","MZP2009CKE-PT01-00004","","","","26","20","1","1","9","18","7","8","19","4","14.37","15","34","0.833333333","0.576923077","1.055555556","0.730769231","44.11764706","69.23076923","9.971509972","14.40329218","21.36752137","30.86419753","27.06552707","39.09465021","48.43304843","69.95884774"
"","","MZP2009CKE-PT01","","","","","","","","","MZP2009CKE-PT01-00005","","","","26","16","1","1","8","16","5","4","17","4","12.39","9","26","0.5625","0.346153846","1.0625","0.653846154","34.61538462","61.53846154","7.122507123","11.57407407","12.82051282","20.83333333","24.21652422","39.35185185","37.03703704","60.18518519"
"","","MZP2009CKE-PT01","","","","","","","","","MZP2009CKE-PT01-00006","","","","26","21","1","1","8","21","12","7","18","4","12.39","19","37","0.904761905","0.730769231","0.857142857","0.692307692","51.35135135","80.76923077","17.09401709","21.16402116","27.06552707","33.50970018","25.64102564","31.74603175","52.70655271","65.25573192"
"","","MZP2009CKE-PT01","","","","","","","","","MZP2009CKE-PT01-00007","","","","26","22","1","1","9","19","16","7","15","5","6.12","23","38","1.210526316","0.884615385","0.789473684","0.576923077","60.52631579","73.07692308","22.79202279","31.18908382","32.76353276","44.83430799","21.36752137","29.23976608","54.13105413","74.07407407"
"","","MZP2009CKE-PT01","","","","","","","","","MZP2009CKE-PT01-00008","","","","26","21","1","1","9","21","25","13","23.5","4","7.76","38","61.5","1.80952381","1.461538462","1.119047619","0.903846154","61.78861789","80.76923077","35.61253561","44.09171076","54.13105413","67.01940035","33.47578348","41.44620811","87.60683761","108.4656085"
"","","MZP2009CKE-PT01","","","","","","","","","MZP2009CKE-PT01-00009","","","","26","15","1","1","8","15","7","4.2","16","4","14.37","11.2","27.2","0.746666667","0.430769231","1.066666667","0.615384615","41.17647059","57.69230769","9.971509972","17.28395062","15.95441595","27.65432099","22.79202279","39.50617284","38.74643875","67.16049383"
"","","MZP2009CKE-PT01","","","","","","","","","MZP2009CKE-PT01-00010","","","","26","12","1","1","7","9","2.2","2","12.2","4","10.5","4.2","16.4","0.466666667","0.161538462","1.355555556","0.469230769","25.6097561","34.61538462","3.133903134","9.053497942","5.982905983","17.28395062","17.37891738","50.20576132","23.36182336","67.48971193"
"","","MZP2009CKE-PT01","","","","","","","","","MZP2009CKE-PT01-00011","","","","26","","","","","","","","","","","","","","","","","","","","","","","","","",""
"","","MZP2009CKE-PT01","","","","","","","","","MZP2009CKE-PT01-00012","","","","26","15","1","1","8","15","6","3","18.4","5","12.39","9","27.4","0.6","0.346153846","1.226666667","0.707692308","32.84671533","57.69230769","8.547008547","14.81481481","12.82051282","22.22222222","26.21082621","45.43209877","39.03133903","67.65432099"
"","","MZP2009CKE-PT01","","","","","","","","","MZP2009CKE-PT01-00013","","","","26","21","1","1","9","21","9.5","2.5","16","4","3.76","12","28","0.571428571","0.461538462","0.761904762","0.615384615","42.85714286","80.76923077","13.53276353","16.75485009","17.09401709","21.16402116","22.79202279","28.21869489","39.88603989","49.38271605"
"","","MZP2009CKE-PT01","","","","","","","","","MZP2009CKE-PT01-00014","","","","26","16","1","1","8","4","6","2","13","4","10.5","8","21","2","0.307692308","3.25","0.5","38.0952381","15.38461538","8.547008547","55.55555556","11.3960114","74.07407407","18.51851852","120.3703704","29.91452991","194.4444444"
"","","MZP2009CKE-PT01","","","","","","","","","MZP2009CKE-PT01-00015","","","","26","19","1","1","8","19","20","4","26","4","14.37","24","50","1.263157895","0.923076923","1.368421053","1","48","73.07692308","28.49002849","38.98635478","34.18803419","46.78362573","37.03703704","50.68226121","71.22507123","97.46588694"
"","","MZP2009CKE-PT01","","","","","","","","","MZP2009CKE-PT01-00016","","","","26","17","1","1","9","17","5.5","7.5","12.5","2","12.39","13","25.5","0.764705882","0.5","0.735294118","0.480769231","50.98039216","65.38461538","7.834757835","11.98257081","18.51851852","28.32244009","17.80626781","27.23311547","36.32478632","55.55555556"
"","","MZP2009CKE-PT01","","","","","","","","","MZP2009CKE-PT01-00017","","","","26","17","1","1","8","16","9.2","1.5","14","5","14.37","10.7","24.7","0.66875","0.411538462","0.875","0.538461538","43.31983806","61.53846154","13.10541311","21.2962963","15.24216524","24.76851852","19.94301994","32.40740741","35.18518519","57.17592593"
"","","MZP2009CKE-PT01","","","","","","","","","MZP2009CKE-PT01-00018","","","","26","13","1","1","9","13","21","12.2","25","4","7.76","33.2","58.2","2.553846154","1.276923077","1.923076923","0.961538462","57.04467354","50","29.91452991","59.82905983","47.29344729","94.58689459","35.61253561","71.22507123","82.90598291","165.8119658"
"","","MZP2009CKE-PT01","","","","","","","","","MZP2009CKE-PT01-00019","","","","26","18","1","1","8","13","10","14","17","4","10.5","24","41","1.846153846","0.923076923","1.307692308","0.653846154","58.53658537","50","14.24501425","28.49002849","34.18803419","68.37606838","24.21652422","48.43304843","58.4045584","116.8091168"
"","","MZP2009CKE-PT01","","","","","","","","","MZP2009CKE-PT01-00020","","","","26","19","1","1","9","19","13","12","21.5","3","6.12","25","46.5","1.315789474","0.961538462","1.131578947","0.826923077","53.76344086","73.07692308","18.51851852","25.3411306","35.61253561","48.73294347","30.62678063","41.91033138","66.23931624","90.64327485"
"","","MZP2009CKE-PT01","","","","","","","","","MZP2009CKE-PT01-00021","","","","26","23","1","1","9","23","28","6","19.5","4","14.37","34","53.5","1.47826087","1.307692308","0.847826087","0.75","63.55140187","88.46153846","39.88603989","45.08856683","48.43304843","54.75040258","27.77777778","31.40096618","76.21082621","86.15136876"
"","","MZP2009CKE-PT01","","","","","","","","","MZP2009CKE-PT01-00022","","","","26","20","1","1","9","20","9.8","3","13","4","14.37","12.8","25.8","0.64","0.492307692","0.65","0.5","49.6124031","76.92307692","13.96011396","18.14814815","18.23361823","23.7037037","18.51851852","24.07407407","36.75213675","47.77777778"
"","","MZP2009CKE-PT01","","","","","","","","","MZP2009CKE-PT01-00023","","","","26","16","1","1","9","16","16","3","15","4","14.37","19","34","1.1875","0.730769231","0.9375","0.576923077","55.88235294","61.53846154","22.79202279","37.03703704","27.06552707","43.98148148","21.36752137","34.72222222","48.43304843","78.7037037"
"","","MZP2009CKE-PT01","","","","","","","","","MZP2009CKE-PT01-00024","","","","26","19","1","1","8","19","31","17","18.4","4","14.37","48","66.4","2.526315789","1.846153846","0.968421053","0.707692308","72.28915663","73.07692308","44.15954416","60.4288499","68.37606838","93.56725146","26.21082621","35.86744639","94.58689459","129.4346979"
"","","MZP2009CKE-PT01","","","","","","","","","MZP2009CKE-PT01-00025","","","","26","19","1","2","9","15","16.5","5.6","17.6","4","14.37","22.1","39.7","1.473333333","0.85","1.173333333","0.676923077","55.6675063","57.69230769","23.5042735","40.74074074","31.48148148","54.56790123","25.07122507","43.45679012","56.55270655","98.02469136"
"","","MZP2009CKE-PT01","","","","","","","","","MZP2009CKE-PT01-00026","","","","26","22","1","1","9","22","15","4.8","20","5","14.37","19.8","39.8","0.9","0.761538462","0.909090909","0.769230769","49.74874372","84.61538462","21.36752137","25.25252525","28.20512821","33.33333333","28.49002849","33.67003367","56.6951567","67.003367"
"","","MZP2009CKE-PT01","","","","","","","","","MZP2009CKE-PT01-00027","","","","26","15","2","1","8","15","14","1.5","16","4","3.76","15.5","31.5","1.033333333","0.596153846","1.066666667","0.615384615","49.20634921","57.69230769","19.94301994","34.56790123","22.07977208","38.27160494","22.79202279","39.50617284","44.87179487","77.77777778"
"","","MZP2009CKE-PT01","","","","","","","","","MZP2009CKE-PT01-00028","","","","26","22","1","1","9","16","21","12","22","4","14.37","33","55","2.0625","1.269230769","1.375","0.846153846","60","61.53846154","29.91452991","48.61111111","47.00854701","76.38888889","31.33903134","50.92592593","78.34757835","127.3148148"
"","","MZP2009CKE-PT01","","","","","","","","","MZP2009CKE-PT01-00029","","","","26","26","1","1","9","26","23","9.2","16.4","4","14.37","32.2","48.6","1.238461538","1.238461538","0.630769231","0.630769231","66.25514403","100","32.76353276","32.76353276","45.86894587","45.86894587","23.36182336","23.36182336","69.23076923","69.23076923"
"","","MZP2009CKE-PT01","","","","","","","","","MZP2009CKE-PT01-00030","","","","26","21","1","1","7","21","8","14","14.5","4","12.39","22","36.5","1.047619048","0.846153846","0.69047619","0.557692308","60.2739726","80.76923077","11.3960114","14.10934744","31.33903134","38.80070547","20.65527066","25.57319224","51.99430199","64.37389771"
"","","MZP2009CKE-PT01","","","","","","","","","MZP2009CKE-PT01-00031","","","","26","17","1","1","9","17","15.5","5.5","20.5","3","7.76","21","41.5","1.235294118","0.807692308","1.205882353","0.788461538","50.60240964","65.38461538","22.07977208","33.76906318","29.91452991","45.75163399","29.2022792","44.66230937","59.11680912","90.41394336"
"","","MZP2009CKE-PT01","","","","","","","","","MZP2009CKE-PT01-00032","","","","26","20","1","1","8","18","7","2.8","16.5","4","14.37","9.8","26.3","0.544444444","0.376923077","0.916666667","0.634615385","37.26235741","69.23076923","9.971509972","14.40329218","13.96011396","20.16460905","23.5042735","33.95061728","37.46438746","54.11522634"
"","","MZP2009CKE-PT01","","","","","","","","","MZP2009CKE-PT01-00033","","","","26","25","1","3","9","25","14","7.2","20","4","12.39","21.2","41.2","0.848","0.815384615","0.8","0.769230769","51.45631068","96.15384615","19.94301994","20.74074074","30.1994302","31.40740741","28.49002849","29.62962963","58.68945869","61.03703704"
"","","MZP2009CKE-PT01","","","","","","","","","MZP2009CKE-PT01-00034","","","","26","24","1","1","8","24","10","6.2","19.5","4","10.5","16.2","35.7","0.675","0.623076923","0.8125","0.75","45.37815126","92.30769231","14.24501425","15.43209877","23.07692308","25","27.77777778","30.09259259","50.85470085","55.09259259"
"","","MZP2009CKE-PT01","","","","","","","","","MZP2009CKE-PT01-00035","","","","26","22","1","1","7","22","18","13.2","18","3","14.37","31.2","49.2","1.418181818","1.2","0.818181818","0.692307692","63.41463415","84.61538462","25.64102564","30.3030303","44.44444444","52.52525253","25.64102564","30.3030303","70.08547009","82.82828283"
"","","MZP2009CKE-PT01","","","","","","","","","MZP2009CKE-PT01-00036","","","","26","25","1","1","9","25","10","6","15","4","12.39","16","31","0.64","0.615384615","0.6","0.576923077","51.61290323","96.15384615","14.24501425","14.81481481","22.79202279","23.7037037","21.36752137","22.22222222","44.15954416","45.92592593"
"","","MZP2009CKE-PT01","","","","","","","","","MZP2009CKE-PT01-00037","","","","26","21","1","1","9","16","10.2","18","21","4","7.76","28.2","49.2","1.7625","1.084615385","1.3125","0.807692308","57.31707317","61.53846154","14.52991453","23.61111111","40.17094017","65.27777778","29.91452991","48.61111111","70.08547009","113.8888889"
"","","MZP2009CKE-PT01","","","","","","","","","MZP2009CKE-PT01-00038","","","","26","18","1","1","8","17","13","8","17","4","14.37","21","38","1.235294118","0.807692308","1","0.653846154","55.26315789","65.38461538","18.51851852","28.32244009","29.91452991","45.75163399","24.21652422","37.03703704","54.13105413","82.78867102"
"","","MZP2009CKE-PT01","","","","","","","","","MZP2009CKE-PT01-00039","","","","26","20","1","1","7","20","14.5","8","15.5","4","11.03","22.5","38","1.125","0.865384615","0.775","0.596153846","59.21052632","76.92307692","20.65527066","26.85185185","32.05128205","41.66666667","22.07977208","28.7037037","54.13105413","70.37037037"
"","","MZP2009CKE-PT01","","","","","","","","","MZP2009CKE-PT01-00040","","","","26","16","1","1","8","16","8.5","2.8","15","5","11.03","11.3","26.3","0.70625","0.434615385","0.9375","0.576923077","42.96577947","61.53846154","12.10826211","19.67592593","16.0968661","26.15740741","21.36752137","34.72222222","37.46438746","60.87962963"
"","","MZP2009CKE-PT01","","","","","","","","","MZP2009CKE-PT01-00041","","","","26","26","1","1","9","13","29","3.3","15.5","5","11.03","32.3","47.8","2.484615385","1.242307692","1.192307692","0.596153846","67.57322176","50","41.31054131","82.62108262","46.01139601","92.02279202","22.07977208","44.15954416","68.09116809","136.1823362"
"","","MZP2009CKE-PT01","","","","","","","","","MZP2009CKE-PT01-00042","","","","26","15","1","3","7","15","12","6.5","6.5","4","7.23","18.5","25","1.233333333","0.711538462","0.433333333","0.25","74","57.69230769","17.09401709","29.62962963","26.35327635","45.67901235","9.259259259","16.04938272","35.61253561","61.72839506"
"","","MZP2009CKE-PT01","","","","","","","","","MZP2009CKE-PT01-00043","","","","26","18","1","1","8","18","2","1","17","3","7.76","3","20","0.166666667","0.115384615","0.944444444","0.653846154","15","69.23076923","2.849002849","4.115226337","4.273504274","6.172839506","24.21652422","34.97942387","28.49002849","41.15226337"
"","","MZP2009CKE-PT01","","","","","","","","","MZP2009CKE-PT01-00044","","","","26","14","1","1","6","14","7","7.2","12","4","4.92","14.2","26.2","1.014285714","0.546153846","0.857142857","0.461538462","54.19847328","53.84615385","9.971509972","18.51851852","20.22792023","37.56613757","17.09401709","31.74603175","37.32193732","69.31216931"
"","","MZP2009CKE-PT01","","","","","","","","","MZP2009CKE-PT01-00045","","","","26","20","4","1","5","20","7.5","2","12","4","11.03","9.5","21.5","0.475","0.365384615","0.6","0.461538462","44.18604651","76.92307692","10.68376068","13.88888889","13.53276353","17.59259259","17.09401709","22.22222222","30.62678063","39.81481481"
"","","MZP2009CKE-PT01","","","","","","","","","MZP2009CKE-PT01-00046","","","","26","15","1","1","8","13","3.8","8.2","15","4","12.39","12","27","0.923076923","0.461538462","1.153846154","0.576923077","44.44444444","50","5.413105413","10.82621083","17.09401709","34.18803419","21.36752137","42.73504274","38.46153846","76.92307692"
"","","MZP2009CKE-PT01","","","","","","","","","MZP2009CKE-PT01-00047","","","","26","21","1","1","7","15","12","4.2","13","4","10.5","16.2","29.2","1.08","0.623076923","0.866666667","0.5","55.47945205","57.69230769","17.09401709","29.62962963","23.07692308","40","18.51851852","32.09876543","41.5954416","72.09876543"
"","","MZP2009CKE-PT01","","","","","","","","","MZP2009CKE-PT01-00048","","","","26","15","3","1","5","8","4","1.5","7.8","3","7.23","5.5","13.3","0.6875","0.211538462","0.975","0.3","41.35338346","30.76923077","5.698005698","18.51851852","7.834757835","25.46296296","11.11111111","36.11111111","18.94586895","61.57407407"
"","","MZP2009CKE-PT01","","","","","","","","","MZP2009CKE-PT01-00049","","","","26","17","2","1","6","13","1","4","9.2","4","14.37","5","14.2","0.384615385","0.192307692","0.707692308","0.353846154","35.21126761","50","1.424501425","2.849002849","7.122507123","14.24501425","13.10541311","26.21082621","20.22792023","40.45584046"
"","","MZP2009CKE-PT01","","","","","","","","","MZP2009CKE-PT01-00050","","","","26","20","1","1","7","20","1.2","5.2","17.8","2","7.76","6.4","24.2","0.32","0.246153846","0.89","0.684615385","26.44628099","76.92307692","1.709401709","2.222222222","9.116809117","11.85185185","25.35612536","32.96296296","34.47293447","44.81481481"
"","","MZP2009CKE-PT01","","","","","","","","","MZP2009CKE-PT01-00051","","","","26","17","1","3","8","16","9.5","1.8","17.5","4","14.37","11.3","28.8","0.70625","0.434615385","1.09375","0.673076923","39.23611111","61.53846154","13.53276353","21.99074074","16.0968661","26.15740741","24.92877493","40.50925926","41.02564103","66.66666667"
"","","MZP2009CKE-PT01","","","","","","","","","MZP2009CKE-PT01-00052","","","","26","8","5","3","6","8","4","3","4.8","5","14.37","7","11.8","0.875","0.269230769","0.6","0.184615385","59.3220339","30.76923077","5.698005698","18.51851852","9.971509972","32.40740741","6.837606838","22.22222222","16.80911681","54.62962963"
"","","MZP2009CKE-PT01","","","","","","","","","MZP2009CKE-PT01-00053","","","","26","26","1","1","9","21","13","10","26","4","14.37","23","49","1.095238095","0.884615385","1.238095238","1","46.93877551","80.76923077","18.51851852","22.92768959","32.76353276","40.5643739","37.03703704","45.85537919","69.8005698","86.41975309"
"","","MZP2009CKE-PT01","","","","","","","","","MZP2009CKE-PT01-00054","","","","26","20","1","1","6","20","20","6","6.4","5","12.39","26","32.4","1.3","1","0.32","0.246153846","80.24691358","76.92307692","28.49002849","37.03703704","37.03703704","48.14814815","9.116809117","11.85185185","46.15384615","60"
"","","MZP2009CKE-PT01","","","","","","","","","MZP2009CKE-PT01-00055","","","","26","21","1","3","8","21","13.5","6","12","4","14.37","19.5","31.5","0.928571429","0.75","0.571428571","0.461538462","61.9047619","80.76923077","19.23076923","23.80952381","27.77777778","34.39153439","17.09401709","21.16402116","44.87179487","55.55555556"
"","","MZP2009CKE-PT01","","","","","","","","","MZP2009CKE-PT01-00056","","","","26","16","1","1","5","16","16","7.5","6","5","11.03","23.5","29.5","1.46875","0.903846154","0.375","0.230769231","79.66101695","61.53846154","22.79202279","37.03703704","33.47578348","54.39814815","8.547008547","13.88888889","42.02279202","68.28703704"
"","","MZP2009CKE-PT01","","","","","","","","","MZP2009CKE-PT01-00057","","","","26","19","1","1","9","2","2","1.5","5","4","14.37","3.5","8.5","1.75","0.134615385","2.5","0.192307692","41.17647059","7.692307692","2.849002849","37.03703704","4.985754986","64.81481481","7.122507123","92.59259259","12.10826211","157.4074074"
"","","MZP2009CKE-PT01","","","","","","","","","MZP2009CKE-PT01-00058","","","","26","13","1","1","9","13","4","5","21","4","12.39","9","30","0.692307692","0.346153846","1.615384615","0.807692308","30","50","5.698005698","11.3960114","12.82051282","25.64102564","29.91452991","59.82905983","42.73504274","85.47008547"
"","","MZP2009CKE-PT01","","","","","","","","","MZP2009CKE-PT01-00059","","","","26","22","1","1","9","22","5.2","4","14","5","1.76","9.2","23.2","0.418181818","0.353846154","0.636363636","0.538461538","39.65517241","84.61538462","7.407407407","8.754208754","13.10541311","15.48821549","19.94301994","23.56902357","33.04843305","39.05723906"
"","","MZP2009CKE-PT01","","","","","","","","","MZP2009CKE-PT01-00060","","","","26","26","1","1","9","26","16.2","9.2","18","4","0.02","25.4","43.4","0.976923077","0.976923077","0.692307692","0.692307692","58.52534562","100","23.07692308","23.07692308","36.18233618","36.18233618","25.64102564","25.64102564","61.82336182","61.82336182"
"","","MZP2009CKE-PT01","","","","","","","","","MZP2009CKE-PT01-00061","","","","26","13","6","4","5","13","8","5","12","4","6.12","13","25","1","0.5","0.923076923","0.461538462","52","50","11.3960114","22.79202279","18.51851852","37.03703704","17.09401709","34.18803419","35.61253561","71.22507123"
"","","MZP2009CKE-PT01","","","","","","","","","MZP2009CKE-PT01-00062","","","","26","26","1","1","9","16","33","7","16","5","7.23","40","56","2.5","1.538461538","1","0.615384615","71.42857143","61.53846154","47.00854701","76.38888889","56.98005698","92.59259259","22.79202279","37.03703704","79.77207977","129.6296296"
"","","MZP2009CKE-PT01","","","","","","","","","MZP2009CKE-PT01-00063","","","","26","22","1","1","9","16","7","3.8","10","4","14.37","10.8","20.8","0.675","0.415384615","0.625","0.384615385","51.92307692","61.53846154","9.971509972","16.2037037","15.38461538","25","14.24501425","23.14814815","29.62962963","48.14814815"
"","","MZP2009CKE-PT01","","","","","","","","","MZP2009CKE-PT01-00064","","","","26","21","1","1","9","21","28.8","6","15.4","4","7.23","34.8","50.2","1.657142857","1.338461538","0.733333333","0.592307692","69.32270916","80.76923077","41.02564103","50.79365079","49.57264957","61.37566138","21.93732194","27.16049383","71.50997151","88.5361552"
"","","MZP2009CKE-PT01","","","","","","","","","MZP2009CKE-PT01-00065","","","","26","16","3","2","8","16","10","4.8","12.8","4","11.03","14.8","27.6","0.925","0.569230769","0.8","0.492307692","53.62318841","61.53846154","14.24501425","23.14814815","21.08262108","34.25925926","18.23361823","29.62962963","39.31623932","63.88888889"
"","","MZP2009CKE-PT01","","","","","","","","","MZP2009CKE-PT01-00066","","","","26","17","1","","","","","","","","","","","","","","","","","","","","","","","",""
"","","MZP2009CKE-PT01","","","","","","","","","MZP2009CKE-PT01-00067","","","","26","24","1","1","9","7","25","4","11.8","5","14.37","29","40.8","4.142857143","1.115384615","1.685714286","0.453846154","71.07843137","26.92307692","35.61253561","132.2751323","41.31054131","153.4391534","16.80911681","62.43386243","58.11965812","215.8730159"
"","","MZP2009CKE-PT01","","","","","","","","","MZP2009CKE-PT01-00068","","","","26","16","1","1","9","16","9.5","3.5","8","4","12.39","13","21","0.8125","0.5","0.5","0.307692308","61.9047619","61.53846154","13.53276353","21.99074074","18.51851852","30.09259259","11.3960114","18.51851852","29.91452991","48.61111111"
"","","MZP2009CKE-PT01","","","","","","","","","MZP2009CKE-PT01-00069","","","","26","16","1","1","9","14","16","6","13","4","5.49","22","35","1.571428571","0.846153846","0.928571429","0.5","62.85714286","53.84615385","22.79202279","42.32804233","31.33903134","58.2010582","18.51851852","34.39153439","49.85754986","92.59259259"
"","","MZP2009CKE-PT01","","","","","","","","","MZP2009CKE-PT01-00070","","","","26","24","1","1","9","16","20.5","4.5","16","4","14.37","25","41","1.5625","0.961538462","1","0.615384615","60.97560976","61.53846154","29.2022792","47.4537037","35.61253561","57.87037037","22.79202279","37.03703704","58.4045584","94.90740741"
"","","MZP2009CKE-PT01","","","","","","","","","MZP2009CKE-PT01-00071","","","","26","10","1","1","9","10","8","5","10","4","3.03","13","23","1.3","0.5","1","0.384615385","56.52173913","38.46153846","11.3960114","29.62962963","18.51851852","48.14814815","14.24501425","37.03703704","32.76353276","85.18518519"
"","","MZP2009CKE-PT01","","","","","","","","","MZP2009CKE-PT01-00072","","","","26","19","1","1","9","12","8","3","9","4","10.5","11","20","0.916666667","0.423076923","0.75","0.346153846","55","46.15384615","11.3960114","24.69135802","15.66951567","33.95061728","12.82051282","27.77777778","28.49002849","61.72839506"
"","","MZP2009CKE-PT01","","","","","","","","","MZP2009CKE-PT01-00073","","","","26","16","1","1","9","16","0.6","2.5","14.2","3","12.39","3.1","17.3","0.19375","0.119230769","0.8875","0.546153846","17.91907514","61.53846154","0.854700855","1.388888889","4.415954416","7.175925926","20.22792023","32.87037037","24.64387464","40.0462963"
"","","MZP2009CKE-PT01","","","","","","","","","MZP2009CKE-PT01-00074","","","","26","22","1","1","9","22","7.5","4","13.8","4","14.37","11.5","25.3","0.522727273","0.442307692","0.627272727","0.530769231","45.45454545","84.61538462","10.68376068","12.62626263","16.38176638","19.36026936","19.65811966","23.23232323","36.03988604","42.59259259"
"","","MZP2009CKE-PT01","","","","","","","","","MZP2009CKE-PT01-00075","","","","26","23","1","1","2","23","21.2","4","10","4","14.37","25.2","35.2","1.095652174","0.969230769","0.434782609","0.384615385","71.59090909","88.46153846","30.1994302","34.13848631","35.8974359","40.57971014","14.24501425","16.10305958","50.14245014","56.68276973"
"","","MZP2009CKE-PT01","","","","","","","","","MZP2009CKE-PT01-00076","","","","26","19","1","1","9","14","11","4.6","10","4","14.37","15.6","25.6","1.114285714","0.6","0.714285714","0.384615385","60.9375","53.84615385","15.66951567","29.1005291","22.22222222","41.26984127","14.24501425","26.45502646","36.46723647","67.72486772"
"","","MZP2009CKE-PT01","","","","","","","","","MZP2009CKE-PT01-00077","","","","26","17","1","1","9","13","5","0.4","8","5","14.37","5.4","13.4","0.415384615","0.207692308","0.615384615","0.307692308","40.29850746","50","7.122507123","14.24501425","7.692307692","15.38461538","11.3960114","22.79202279","19.08831909","38.17663818"
"","","MZP2009CKE-PT01","","","","","","","","","MZP2009CKE-PT01-00078","","","","26","19","1","1","9","6","3","6","17.5","4","14.37","9","26.5","1.5","0.346153846","2.916666667","0.673076923","33.96226415","23.07692308","4.273504274","18.51851852","12.82051282","55.55555556","24.92877493","108.0246914","37.74928775","163.5802469"
"","","MZP2009CKE-PT01","","","","","","","","","MZP2009CKE-PT01-00079","","","","26","7","4","1","8","7","3","6.9","4.8","4","","9.9","14.7","1.414285714","0.380769231","0.685714286","0.184615385","67.34693878","26.92307692","4.273504274","15.87301587","14.1025641","52.38095238","6.837606838","25.3968254","20.94017094","77.77777778"
"","","MZP2009CKE-PT01","","","","","","","","","MZP2009CKE-PT01-00080","","","","26","11","1","1","5","11","5.5","1.2","8","4","14.37","6.7","14.7","0.609090909","0.257692308","0.727272727","0.307692308","45.57823129","42.30769231","7.834757835","18.51851852","9.544159544","22.55892256","11.3960114","26.93602694","20.94017094","49.49494949"
"","","MZP2009CKE-PT01","","","","","","","","","MZP2009CKE-PT01-00081","","","","26","14","1","1","9","","","","","","","","","","","","","","","","","","","","","",""
"","","MZP2009CKE-PT01","","","","","","","","","MZP2009CKE-PT01-00082","","","","26","26","1","1","9","14","10","3.5","18","4","12.39","13.5","31.5","0.964285714","0.519230769","1.285714286","0.692307692","42.85714286","53.84615385","14.24501425","26.45502646","19.23076923","35.71428571","25.64102564","47.61904762","44.87179487","83.33333333"
"","","MZP2009CKE-PT01","","","","","","","","","MZP2009CKE-PT01-00083","","","","26","16","1","1","8","6","1","0.5","9","4","7.23","1.5","10.5","0.25","0.057692308","1.5","0.346153846","14.28571429","23.07692308","1.424501425","6.172839506","2.136752137","9.259259259","12.82051282","55.55555556","14.95726496","64.81481481"
"","","MZP2009CKE-PT01","","","","","","","","","MZP2009CKE-PT01-00084","","","","26","21","1","1","9","21","8","5.5","8.4","4","12.39","13.5","21.9","0.642857143","0.519230769","0.4","0.323076923","61.64383562","80.76923077","11.3960114","14.10934744","19.23076923","23.80952381","11.96581197","14.81481481","31.1965812","38.62433862"
"","","MZP2009CKE-PT01","","","","","","","","","MZP2009CKE-PT01-00085","","","","26","18","1","1","9","16","6","4","12.5","4","12.39","10","22.5","0.625","0.384615385","0.78125","0.480769231","44.44444444","61.53846154","8.547008547","13.88888889","14.24501425","23.14814815","17.80626781","28.93518519","32.05128205","52.08333333"
"","","MZP2009CKE-PT01","","","","","","","","","MZP2009CKE-PT01-00086","","","","26","17","1","1","9","17","10.2","5","12","4","7.76","15.2","27.2","0.894117647","0.584615385","0.705882353","0.461538462","55.88235294","65.38461538","14.52991453","22.22222222","21.65242165","33.11546841","17.09401709","26.14379085","38.74643875","59.25925926"
"","","MZP2009CKE-PT01","","","","","","","","","MZP2009CKE-PT01-00087","","","","26","23","1","1","8","23","14.5","15","10","4","12.39","29.5","39.5","1.282608696","1.134615385","0.434782609","0.384615385","74.6835443","88.46153846","20.65527066","23.34943639","42.02279202","47.50402576","14.24501425","16.10305958","56.26780627","63.60708535"
"","","MZP2009CKE-PT01","","","","","","","","","MZP2009CKE-PT01-00088","","","","26","22","1","1","9","","","","","","","","","","","","","","","","","","","","","",""
"","","MZP2009CKE-PT01","","","","","","","","","MZP2009CKE-PT01-00089","","","","26","13","1","1","8","5","11","3","10.5","4","14.37","14","24.5","2.8","0.538461538","2.1","0.403846154","57.14285714","19.23076923","15.66951567","81.48148148","19.94301994","103.7037037","14.95726496","77.77777778","34.9002849","181.4814815"
"","","MZP2009CKE-PT01","","","","","","","","","MZP2009CKE-PT01-00090","","","","26","4","1","1","6","4","3","1.5","8.8","5","14.37","4.5","13.3","1.125","0.173076923","2.2","0.338461538","33.83458647","15.38461538","4.273504274","27.77777778","6.41025641","41.66666667","12.53561254","81.48148148","18.94586895","123.1481481"
"","","MZP2009CKE-PT01","","","","","","","","","MZP2009CKE-PT01-00091","","","","26","20","1","1","9","20","12","2.2","7.8","5","12.39","14.2","22","0.71","0.546153846","0.39","0.3","64.54545455","76.92307692","17.09401709","22.22222222","20.22792023","26.2962963","11.11111111","14.44444444","31.33903134","40.74074074"
"","","MZP2009CKE-PT01","","","","","","","","","MZP2009CKE-PT01-00092","","","","26","16","1","1","9","6","8","4","8.8","4","12.39","12","20.8","2","0.461538462","1.466666667","0.338461538","57.69230769","23.07692308","11.3960114","49.38271605","17.09401709","74.07407407","12.53561254","54.32098765","29.62962963","128.3950617"
"","","MZP2009CKE-PT01","","","","","","","","","MZP2009CKE-PT01-00093","","","","26","15","1","1","9","4","5","1","12","4","14.37","6","18","1.5","0.230769231","3","0.461538462","33.33333333","15.38461538","7.122507123","46.2962963","8.547008547","55.55555556","17.09401709","111.1111111","25.64102564","166.6666667"
"","","MZP2009CKE-PT01","","","","","","","","","MZP2009CKE-PT01-00094","","","","26","16","1","1","7","12","22","6","11","4","12.39","28","39","2.333333333","1.076923077","0.916666667","0.423076923","71.79487179","46.15384615","31.33903134","67.90123457","39.88603989","86.41975309","15.66951567","33.95061728","55.55555556","120.3703704"
"","","MZP2009CKE-PT01","","","","","","","","","MZP2009CKE-PT01-00095","","","","26","22","1","1","9","3","0","0","6.2","","","0","6.2","0","0","2.066666667","0.238461538","0","11.53846154","0","0","0","0","8.831908832","76.54320988","8.831908832","76.54320988"
"","","MZP2009CKE-PT01","","","","","","","","","MZP2009CKE-PT01-00096","","","","26","17","1","1","9","4","6","5","10","4","11.03","11","21","2.75","0.423076923","2.5","0.384615385","52.38095238","15.38461538","8.547008547","55.55555556","15.66951567","101.8518519","14.24501425","92.59259259","29.91452991","194.4444444"
"","","MZP2009CKE-PT01","","","","","","","","","MZP2009CKE-PT01-00097","","","","26","19","1","1","9","2","4.5","3","12","4","10.5","7.5","19.5","3.75","0.288461538","6","0.461538462","38.46153846","7.692307692","6.41025641","83.33333333","10.68376068","138.8888889","17.09401709","222.2222222","27.77777778","361.1111111"
"","","MZP2009CKE-PT01","","","","","","","","","MZP2009CKE-PT01-00098","","","","26","18","1","1","9","2","5","2","10.6","4","10.5","7","17.6","3.5","0.269230769","5.3","0.407692308","39.77272727","7.692307692","7.122507123","92.59259259","9.971509972","129.6296296","15.0997151","196.2962963","25.07122507","325.9259259"
"","","MZP2009CKE-PT01","","","","","","","","","MZP2009CKE-PT01-00099","","","","26","11","1","1","9","11","7","5.2","10","4","1.04","12.2","22.2","1.109090909","0.469230769","0.909090909","0.384615385","54.95495495","42.30769231","9.971509972","23.56902357","17.37891738","41.07744108","14.24501425","33.67003367","31.62393162","74.74747475"
"","","MZP2009CKE-PT01","","","","","","","","","MZP2009CKE-PT01-00100","","","","26","16","1","1","9","16","6","2.8","16.5","5","7.23","8.8","25.3","0.55","0.338461538","1.03125","0.634615385","34.7826087","61.53846154","8.547008547","13.88888889","12.53561254","20.37037037","23.5042735","38.19444444","36.03988604","58.56481481"
"","","MZP2009CKE-PT01","","","","","","","","","MZP2009CKE-PT01-00101","","","","26","18","1","1","9","4","2","2","20","4","0.02","4","24","1","0.153846154","5","0.769230769","16.66666667","15.38461538","2.849002849","18.51851852","5.698005698","37.03703704","28.49002849","185.1851852","34.18803419","222.2222222"
"","","MZP2009CKE-PT01","","","","","","","","","MZP2009CKE-PT01-00102","","","","26","23","1","1","9","22","8","3","10","3","6.12","11","21","0.5","0.423076923","0.454545455","0.384615385","52.38095238","84.61538462","11.3960114","13.46801347","15.66951567","18.51851852","14.24501425","16.83501684","29.91452991","35.35353535"
"","","MZP2009CKE-PT01","","","","","","","","","MZP2009CKE-PT01-00103","","","","26","18","1","1","9","12","5","4","9","4","11.03","9","18","0.75","0.346153846","0.75","0.346153846","50","46.15384615","7.122507123","15.43209877","12.82051282","27.77777778","12.82051282","27.77777778","25.64102564","55.55555556"
"","","MZP2009CKE-PT01","","","","","","","","","MZP2009CKE-PT01-00104","","","","26","15","1","1","6","15","9","4","6","4","10.5","13","19","0.866666667","0.5","0.4","0.230769231","68.42105263","57.69230769","12.82051282","22.22222222","18.51851852","32.09876543","8.547008547","14.81481481","27.06552707","46.91358025"
"","","MZP2009CKE-PT01","","","","","","","","","MZP2009CKE-PT01-00105","","","","26","9","1","1","6","9","1.8","3.2","4","4","12.39","5","9","0.555555556","0.192307692","0.444444444","0.153846154","55.55555556","34.61538462","2.564102564","7.407407407","7.122507123","20.57613169","5.698005698","16.46090535","12.82051282","37.03703704"
"","","MZP2009CKE-PT01","","","","","","","","","MZP2009CKE-PT01-00106","","","","26","19","1","1","9","17","7.5","5","10","4","14.37","12.5","22.5","0.735294118","0.480769231","0.588235294","0.384615385","55.55555556","65.38461538","10.68376068","16.33986928","17.80626781","27.23311547","14.24501425","21.78649237","32.05128205","49.01960784"
"","","MZP2009CKE-PT01","","","","","","","","","MZP2009CKE-PT01-00107","","","","26","21","1","2","7","21","6","10.5","14","5","12.39","16.5","30.5","0.785714286","0.634615385","0.666666667","0.538461538","54.09836066","80.76923077","8.547008547","10.58201058","23.5042735","29.1005291","19.94301994","24.69135802","43.44729345","53.79188713"
"","","MZP2009CKE-PT01","","","","","","","","","MZP2009CKE-PT01-00108","","","","26","18","1","1","4","18","30","9","30","4","12.39","39","69","2.166666667","1.5","1.666666667","1.153846154","56.52173913","69.23076923","42.73504274","61.72839506","55.55555556","80.24691358","42.73504274","61.72839506","98.29059829","141.9753086"
"","","MZP2009CKE-PT01","","","","","","","","","MZP2009CKE-PT01-00109","","","","26","15","1","1","9","15","22","8","16","4","7.76","30","46","2","1.153846154","1.066666667","0.615384615","65.2173913","57.69230769","31.33903134","54.32098765","42.73504274","74.07407407","22.79202279","39.50617284","65.52706553","113.5802469"
"","","MZP2009CKE-PT01","","","","","","","","","MZP2009CKE-PT01-00110","","","","26","20","1","1","8","13","17","6","8","4","14.37","23","31","1.769230769","0.884615385","0.615384615","0.307692308","74.19354839","50","24.21652422","48.43304843","32.76353276","65.52706553","11.3960114","22.79202279","44.15954416","88.31908832"
"","","MZP2009CKE-PT01","","","","","","","","","MZP2009CKE-PT01-00111","","","","26","13","1","1","","13","12.5","4","18","4","11.03","16.5","34.5","1.269230769","0.634615385","1.384615385","0.692307692","47.82608696","50","17.80626781","35.61253561","23.5042735","47.00854701","25.64102564","51.28205128","49.14529915","98.29059829"
"","","MZP2009CKE-PT01","","","","","","","","","MZP2009CKE-PT01-00112","","","","26","17","1","1","8","17","25","7.6","22","3","7.76","32.6","54.6","1.917647059","1.253846154","1.294117647","0.846153846","59.70695971","65.38461538","35.61253561","54.46623094","46.43874644","71.02396514","31.33903134","47.93028322","77.77777778","118.9542484"
"","","MZP2009CKE-PT01","","","","","","","","","MZP2009CKE-PT01-00113","","","","26","16","1","1","8","9","7.5","3","16","4","6.12","10.5","26.5","1.166666667","0.403846154","1.777777778","0.615384615","39.62264151","34.61538462","10.68376068","30.86419753","14.95726496","43.20987654","22.79202279","65.8436214","37.74928775","109.0534979"
"","","MZP2009CKE-PT01","","","","","","","","","MZP2009CKE-PT01-00114","","","","26","24","1","1","7","24","21","5.5","28","4","14.37","26.5","54.5","1.104166667","1.019230769","1.166666667","1.076923077","48.62385321","92.30769231","29.91452991","32.40740741","37.74928775","40.89506173","39.88603989","43.20987654","77.63532764","84.10493827"
"","","MZP2009CKE-PT01","","","","","","","","","MZP2009CKE-PT01-00115","","","","26","15","4","1","8","15","15","6.5","10","5","14.37","21.5","31.5","1.433333333","0.826923077","0.666666667","0.384615385","68.25396825","57.69230769","21.36752137","37.03703704","30.62678063","53.08641975","14.24501425","24.69135802","44.87179487","77.77777778"
"","","MZP2009CKE-PT01","","","","","","","","","MZP2009CKE-PT01-00116","","","","26","23","1","1","7","23","4","4.5","14","5","14.37","8.5","22.5","0.369565217","0.326923077","0.608695652","0.538461538","37.77777778","88.46153846","5.698005698","6.441223833","12.10826211","13.68760064","19.94301994","22.54428341","32.05128205","36.23188406"
"","","MZP2009CKE-PT01","","","","","","","","","MZP2009CKE-PT01-00117","","","","26","22","1","1","7","22","18","5.5","24","4","7.76","23.5","47.5","1.068181818","0.903846154","1.090909091","0.923076923","49.47368421","84.61538462","25.64102564","30.3030303","33.47578348","39.56228956","34.18803419","40.4040404","67.66381766","79.96632997"
"","","MZP2009CKE-PT01","","","","","","","","","MZP2009CKE-PT01-00118","","","","26","14","","","","","","","","","","","","","","","","","","","","","","","","",""
"","","MZP2009CKE-PT01","","","","","","","","","MZP2009CKE-PT01-00119","","","","26","23","1","1","9","23","31.5","7.3","16","4","14.37","38.8","54.8","1.686956522","1.492307692","0.695652174","0.615384615","70.80291971","88.46153846","44.87179487","50.72463768","55.27065527","62.47987118","22.79202279","25.76489533","78.06267806","88.24476651"
"","","MZP2009CKE-PT01","","","","","","","","","MZP2009CKE-PT01-00120","","","","26","26","1","1","3","26","11","7","12","3","14.37","18","30","0.692307692","0.692307692","0.461538462","0.461538462","60","100","15.66951567","15.66951567","25.64102564","25.64102564","17.09401709","17.09401709","42.73504274","42.73504274"
"","","MZP2009CKE-PT01","","","","","","","","","MZP2009CKE-PT01-00121","","","","26","24","1","4","7","24","6","4","22","3","7.76","10","32","0.416666667","0.384615385","0.916666667","0.846153846","31.25","92.30769231","8.547008547","9.259259259","14.24501425","15.43209877","31.33903134","33.95061728","45.58404558","49.38271605"
"","","MZP2009CKE-PT01","","","","","","","","","MZP2009CKE-PT01-00122","","","","26","14","1","1","9","8","17","2","12","5","7.76","19","31","2.375","0.730769231","1.5","0.461538462","61.29032258","30.76923077","24.21652422","78.7037037","27.06552707","87.96296296","17.09401709","55.55555556","44.15954416","143.5185185"
"","","MZP2009CKE-PT01","","","","","","","","","MZP2009CKE-PT01-00123","","","","26","19","1","1","9","19","22","3","40","3","12.39","25","65","1.315789474","0.961538462","2.105263158","1.538461538","38.46153846","73.07692308","31.33903134","42.88499025","35.61253561","48.73294347","56.98005698","77.97270955","92.59259259","126.705653"
"","","MZP2009CKE-PT01","","","","","","","","","MZP2009CKE-PT01-00124","","","","26","20","1","1","9","20","29","9.5","26","4","14.37","38.5","64.5","1.925","1.480769231","1.3","1","59.68992248","76.92307692","41.31054131","53.7037037","54.84330484","71.2962963","37.03703704","48.14814815","91.88034188","119.4444444"
"","","MZP2009CKE-PT01","","","","","","","","","MZP2009CKE-PT01-00125","","","","26","16","","","","","","","","","","","","","","","","","","","","","","","","",""
"","","MZP2009CKE-PT01","","","","","","","","","MZP2009CKE-PT01-00126","","","","26","18","1","1","7","18","7","3","18","4","14.37","10","28","0.555555556","0.384615385","1","0.692307692","35.71428571","69.23076923","9.971509972","14.40329218","14.24501425","20.57613169","25.64102564","37.03703704","39.88603989","57.61316872"
"","","MZP2009CKE-PT01","","","","","","","","","MZP2009CKE-PT01-00127","","","","26","18","1","1","9","18","5.2","6.8","18","5","12.39","12","30","0.666666667","0.461538462","1","0.692307692","40","69.23076923","7.407407407","10.69958848","17.09401709","24.69135802","25.64102564","37.03703704","42.73504274","61.72839506"
"","","MZP2009CKE-PT01","","","","","","","","","MZP2009CKE-PT01-00128","","","","26","21","1","1","9","21","31","12","36","4","6.12","43","79","2.047619048","1.653846154","1.714285714","1.384615385","54.43037975","80.76923077","44.15954416","54.67372134","61.25356125","75.8377425","51.28205128","63.49206349","112.5356125","139.329806"
"","","MZP2009CKE-PT01","","","","","","","","","MZP2009CKE-PT01-00129","","","","26","20","1","1","4","20","14","5.2","22","5","14.37","19.2","41.2","0.96","0.738461538","1.1","0.846153846","46.60194175","76.92307692","19.94301994","25.92592593","27.35042735","35.55555556","31.33903134","40.74074074","58.68945869","76.2962963"
"","","MZP2009CKE-PT01","","","","","","","","","MZP2009CKE-PT01-00130","","","","26","22","","","","","","","","","","","","","","","","","","","","","","","","",""
"","","MZP2009CKE-PT01","","","","","","","","","MZP2009CKE-PT01-00131","","","","26","23","1","1","7","23","15","16","10","3","14.37","31","41","1.347826087","1.192307692","0.434782609","0.384615385","75.6097561","88.46153846","21.36752137","24.15458937","44.15954416","49.9194847","14.24501425","16.10305958","58.4045584","66.02254428"
"","","MZP2009CKE-PT01","","","","","","","","","MZP2009CKE-PT01-00132","","","","26","20","1","1","9","16","6.2","2.2","10","4","14.37","8.4","18.4","0.525","0.323076923","0.625","0.384615385","45.65217391","61.53846154","8.831908832","14.35185185","11.96581197","19.44444444","14.24501425","23.14814815","26.21082621","42.59259259"
"","","MZP2009CKE-PT01","","","","","","","","","MZP2009CKE-PT01-00133","","","","26","21","2","4","8","21","21","4.2","20","5","10.5","25.2","45.2","1.2","0.969230769","0.952380952","0.769230769","55.75221239","80.76923077","29.91452991","37.03703704","35.8974359","44.44444444","28.49002849","35.27336861","64.38746439","79.71781305"
"","","MZP2009CKE-PT01","","","","","","","","","MZP2009CKE-PT01-00134","","","","26","21","1","2","8","17","18","5.5","28","4","12.39","23.5","51.5","1.382352941","0.903846154","1.647058824","1.076923077","45.63106796","65.38461538","25.64102564","39.21568627","33.47578348","51.19825708","39.88603989","61.00217865","73.36182336","112.2004357"
"","","MZP2009CKE-PT01","","","","","","","","","MZP2009CKE-PT01-00135","","","","26","14","1","2","4","14","7.5","3.2","22","4","1.32","10.7","32.7","0.764285714","0.411538462","1.571428571","0.846153846","32.72171254","53.84615385","10.68376068","19.84126984","15.24216524","28.30687831","31.33903134","58.2010582","46.58119658","86.50793651"
"","","MZP2009CKE-PT01","","","","","","","","","MZP2009CKE-PT01-00136","","","","26","16","1","1","9","15","0","19","12","3","10.5","19","31","1.266666667","0.730769231","0.8","0.461538462","61.29032258","57.69230769","0","0","27.06552707","46.91358025","17.09401709","29.62962963","44.15954416","76.54320988"
"","","MZP2009CKE-PT01","","","","","","","","","MZP2009CKE-PT01-00137","","","","26","6","1","1","5","2","0.4","0.2","17","4","6.12","0.6","17.6","0.3","0.023076923","8.5","0.653846154","3.409090909","7.692307692","0.56980057","7.407407407","0.854700855","11.11111111","24.21652422","314.8148148","25.07122507","325.9259259"
"","","MZP2009CKE-PT01","","","","","","","","","MZP2009CKE-PT01-00138","","","","26","12","2","1","7","12","7","3","17.5","5","12.39","10","27.5","0.833333333","0.384615385","1.458333333","0.673076923","36.36363636","46.15384615","9.971509972","21.60493827","14.24501425","30.86419753","24.92877493","54.01234568","39.17378917","84.87654321"
"","","MZP2009CKE-PT01","","","","","","","","","MZP2009CKE-PT01-00139","","","","26","21","4","6","8","16","7","4","6","5","","11","17","0.6875","0.423076923","0.375","0.230769231","64.70588235","61.53846154","9.971509972","16.2037037","15.66951567","25.46296296","8.547008547","13.88888889","24.21652422","39.35185185"
"","","MZP2009CKE-PT01","","","","","","","","","MZP2009CKE-PT01-00140","","","","26","18","1","1","8","18","3.5","17","8","4","12.39","20.5","28.5","1.138888889","0.788461538","0.444444444","0.307692308","71.92982456","69.23076923","4.985754986","7.201646091","29.2022792","42.18106996","11.3960114","16.46090535","40.5982906","58.64197531"
"","","MZP2009CKE-PT01","","","","","","","","","MZP2009CKE-PT01-00141","","","","26","20","1","1","9","","","","","","","","","","","","","","","","","","","","","",""
"","","MZP2009CKE-PT01","","","","","","","","","MZP2009CKE-PT01-00142","","","","26","8","1","1","8","8","0","3","13","4","7.76","3","16","0.375","0.115384615","1.625","0.5","18.75","30.76923077","0","0","4.273504274","13.88888889","18.51851852","60.18518519","22.79202279","74.07407407"
"","","MZP2009CKE-PT01","","","","","","","","","MZP2009CKE-PT01-00143","","","","26","11","1","1","6","7","2","7","2.5","4","12.39","9","11.5","1.285714286","0.346153846","0.357142857","0.096153846","78.26086957","26.92307692","2.849002849","10.58201058","12.82051282","47.61904762","3.561253561","13.22751323","16.38176638","60.84656085"
"","","MZP2009CKE-PT01","","","","","","","","","MZP2009CKE-PT01-00144","","","","26","20","1","1","9","20","5.2","6","6","4","12.39","11.2","17.2","0.56","0.430769231","0.3","0.230769231","65.11627907","76.92307692","7.407407407","9.62962963","15.95441595","20.74074074","8.547008547","11.11111111","24.5014245","31.85185185"
"","","MZP2009CKE-PT01","","","","","","","","","MZP2009CKE-PT01-00145","","","","26","18","4","1","6","18","6.2","7","7","4","14.37","13.2","20.2","0.733333333","0.507692308","0.388888889","0.269230769","65.34653465","69.23076923","8.831908832","12.75720165","18.8034188","27.16049383","9.971509972","14.40329218","28.77492877","41.56378601"
"","","MZP2009CKE-PT01","","","","","","","","","MZP2009CKE-PT01-00146","","","","26","14","1","1","6","14","10","2.2","9","4","12.39","12.2","21.2","0.871428571","0.469230769","0.642857143","0.346153846","57.54716981","53.84615385","14.24501425","26.45502646","17.37891738","32.27513228","12.82051282","23.80952381","30.1994302","56.08465608"
"","","MZP2009CKE-PT01","","","","","","","","","MZP2009CKE-PT01-00147","","","","26","10","1","1","9","10","7.2","10","8","4","12.39","17.2","25.2","1.72","0.661538462","0.8","0.307692308","68.25396825","38.46153846","10.25641026","26.66666667","24.5014245","63.7037037","11.3960114","29.62962963","35.8974359","93.33333333"
"","","MZP2009CKE-PT01","","","","","","","","","MZP2009CKE-PT01-00148","","","","26","20","1","1","3","20","7","8","12","5","14.37","15","27","0.75","0.576923077","0.6","0.461538462","55.55555556","76.92307692","9.971509972","12.96296296","21.36752137","27.77777778","17.09401709","22.22222222","38.46153846","50"
"","","MZP2009CKE-PT01","","","","","","","","","MZP2009CKE-PT01-00149","","","","26","16","1","1","8","12","4","8.2","16","3","14.37","12.2","28.2","1.016666667","0.469230769","1.333333333","0.615384615","43.26241135","46.15384615","5.698005698","12.34567901","17.37891738","37.65432099","22.79202279","49.38271605","40.17094017","87.03703704"
"","","MZP2009CKE-PT01","","","","","","","","","MZP2009CKE-PT01-00150","","","","26","18","1","1","9","18","7.8","5","8","4","14.37","12.8","20.8","0.711111111","0.492307692","0.444444444","0.307692308","61.53846154","69.23076923","11.11111111","16.04938272","18.23361823","26.33744856","11.3960114","16.46090535","29.62962963","42.79835391"
"","","MZP2009CKE-PT01","","","","","","","","","MZP2009CKE-PT01-00151","","","","26","18","1","1","7","18","14","5","20","4","6.12","19","39","1.055555556","0.730769231","1.111111111","0.769230769","48.71794872","69.23076923","19.94301994","28.80658436","27.06552707","39.09465021","28.49002849","41.15226337","55.55555556","80.24691358"
"","","MZP2009CKE-PT01","","","","","","","","","MZP2009CKE-PT01-00152","","","","26","17","1","1","6","17","18","2","12","4","14.37","20","32","1.176470588","0.769230769","0.705882353","0.461538462","62.5","65.38461538","25.64102564","39.21568627","28.49002849","43.57298475","17.09401709","26.14379085","45.58404558","69.7167756"
"","","MZP2009CKE-PT01","","","","","","","","","MZP2009CKE-PT01-00153","","","","26","8","1","1","9","4","2.2","2","3.5","4","6.12","4.2","7.7","1.05","0.161538462","0.875","0.134615385","54.54545455","15.38461538","3.133903134","20.37037037","5.982905983","38.88888889","4.985754986","32.40740741","10.96866097","71.2962963"
"","","MZP2009CKE-PT01","","","","","","","","","MZP2009CKE-PT01-00154","","","","26","14","1","1","9","14","7","2.8","6.5","4","11.03","9.8","16.3","0.7","0.376923077","0.464285714","0.25","60.12269939","53.84615385","9.971509972","18.51851852","13.96011396","25.92592593","9.259259259","17.1957672","23.21937322","43.12169312"
"","","MZP2009CKE-PT01","","","","","","","","","MZP2009CKE-PT01-00155","","","","26","5","1","1","5","5","13","7","6.8","5","14.37","20","26.8","4","0.769230769","1.36","0.261538462","74.62686567","19.23076923","18.51851852","96.2962963","28.49002849","148.1481481","9.686609687","50.37037037","38.17663818","198.5185185"
"","","MZP2009CKE-PT01","","","","","","","","","MZP2009CKE-PT01-00156","","","","26","18","1","1","9","11","0","2","8.2","5","12.39","2","10.2","0.181818182","0.076923077","0.745454545","0.315384615","19.60784314","42.30769231","0","0","2.849002849","6.734006734","11.68091168","27.60942761","14.52991453","34.34343434"
"","","MZP2009CKE-PT01","","","","","","","","","MZP2009CKE-PT01-00157","","","","26","15","1","1","9","15","15","5","11.6","5","14.37","20","31.6","1.333333333","0.769230769","0.773333333","0.446153846","63.29113924","57.69230769","21.36752137","37.03703704","28.49002849","49.38271605","16.52421652","28.64197531","45.01424501","78.02469136"
"","","MZP2009CKE-PT01","","","","","","","","","MZP2009CKE-PT01-00158","","","","26","22","1","1","9","22","18","14","9","4","14.37","32","41","1.454545455","1.230769231","0.409090909","0.346153846","78.04878049","84.61538462","25.64102564","30.3030303","45.58404558","53.87205387","12.82051282","15.15151515","58.4045584","69.02356902"
"","","MZP2009CKE-PT01","","","","","","","","","MZP2009CKE-PT01-00159","","","","26","17","1","1","9","17","11","7.8","10.6","4","14.37","18.8","29.4","1.105882353","0.723076923","0.623529412","0.407692308","63.94557823","65.38461538","15.66951567","23.96514161","26.78062678","40.95860566","15.0997151","23.09368192","41.88034188","64.05228758"
"","","MZP2009CKE-PT01","","","","","","","","","MZP2009CKE-PT01-00160","","","","26","19","1","1","9","19","19","5","4.8","5","14.37","24","28.8","1.263157895","0.923076923","0.252631579","0.184615385","83.33333333","73.07692308","27.06552707","37.03703704","34.18803419","46.78362573","6.837606838","9.356725146","41.02564103","56.14035088"
"","","MZP2009CKE-PT01","","","","","","","","","MZP2009CKE-PT01-00161","","","","26","15","1","1","9","13","17","10","17.4","4","12.39","27","44.4","2.076923077","1.038461538","1.338461538","0.669230769","60.81081081","50","24.21652422","48.43304843","38.46153846","76.92307692","24.78632479","49.57264957","63.24786325","126.4957265"
"","","MZP2009CKE-PT01","","","","","","","","","MZP2009CKE-PT01-00162","","","","26","21","1","1","9","21","10","5","5.8","4","14.37","15","20.8","0.714285714","0.576923077","0.276190476","0.223076923","72.11538462","80.76923077","14.24501425","17.6366843","21.36752137","26.45502646","8.262108262","10.2292769","29.62962963","36.68430335"
"","","MZP2009CKE-PT01","","","","","","","","","MZP2009CKE-PT01-00163","","","","26","20","1","1","9","20","21","8","14.5","4","14.37","29","43.5","1.45","1.115384615","0.725","0.557692308","66.66666667","76.92307692","29.91452991","38.88888889","41.31054131","53.7037037","20.65527066","26.85185185","61.96581197","80.55555556"
"","","MZP2009CKE-PT01","","","","","","","","","MZP2009CKE-PT01-00164","","","","26","16","1","1","9","12","13","3","9.8","4","14.37","16","25.8","1.333333333","0.615384615","0.816666667","0.376923077","62.01550388","46.15384615","18.51851852","40.12345679","22.79202279","49.38271605","13.96011396","30.24691358","36.75213675","79.62962963"
"","","MZP2009CKE-PT01","","","","","","","","","MZP2009CKE-PT01-00165","","","","26","23","1","1","9","23","23","3.5","6.8","4","12.39","26.5","33.3","1.152173913","1.019230769","0.295652174","0.261538462","79.57957958","88.46153846","32.76353276","37.03703704","37.74928775","42.67310789","9.686609687","10.95008052","47.43589744","53.62318841"
"","","MZP2009CKE-PT01","","","","","","","","","MZP2009CKE-PT01-00166","","","","26","15","1","1","9","13","14","5.5","8.8","5","14.37","19.5","28.3","1.5","0.75","0.676923077","0.338461538","68.90459364","50","19.94301994","39.88603989","27.77777778","55.55555556","12.53561254","25.07122507","40.31339031","80.62678063"
"","","MZP2009CKE-PT01","","","","","","","","","MZP2009CKE-PT01-00167","","","","26","20","1","1","9","18","25","10","16.2","4","14.37","35","51.2","1.944444444","1.346153846","0.9","0.623076923","68.359375","69.23076923","35.61253561","51.44032922","49.85754986","72.01646091","23.07692308","33.33333333","72.93447293","105.3497942"
"","","MZP2009CKE-PT01","","","","","","","","","MZP2009CKE-PT01-00168","","","","26","16","1","1","9","16","12","6","8","4","14.37","18","26","1.125","0.692307692","0.5","0.307692308","69.23076923","61.53846154","17.09401709","27.77777778","25.64102564","41.66666667","11.3960114","18.51851852","37.03703704","60.18518519"
"","","MZP2009CKE-PT01","","","","","","","","","MZP2009CKE-PT01-00169","","","","26","19","1","1","9","19","8.2","6.2","12.5","5","14.37","14.4","26.9","0.757894737","0.553846154","0.657894737","0.480769231","53.53159851","73.07692308","11.68091168","15.98440546","20.51282051","28.07017544","17.80626781","24.36647173","38.31908832","52.43664717"
"","","MZP2009CKE-PT01","","","","","","","","","MZP2009CKE-PT01-00170","","","","26","21","1","1","9","21","18.5","10","15.5","4","12.39","28.5","44","1.357142857","1.096153846","0.738095238","0.596153846","64.77272727","80.76923077","26.35327635","32.62786596","40.5982906","50.26455026","22.07977208","27.33686067","62.67806268","77.60141093"
"","","MZP2009CKE-PT01","","","","","","","","","MZP2009CKE-PT01-00171","","","","26","20","1","1","9","14","16","14","9.8","5","12.39","30","39.8","2.142857143","1.153846154","0.7","0.376923077","75.37688442","53.84615385","22.79202279","42.32804233","42.73504274","79.36507937","13.96011396","25.92592593","56.6951567","105.2910053"
"","","MZP2009CKE-PT01","","","","","","","","","MZP2009CKE-PT01-00172","","","","26","19","1","1","9","19","9","10","8.8","4","11.03","19","27.8","1","0.730769231","0.463157895","0.338461538","68.34532374","73.07692308","12.82051282","17.54385965","27.06552707","37.03703704","12.53561254","17.1539961","39.6011396","54.19103314"
"","","MZP2009CKE-PT01","","","","","","","","","MZP2009CKE-PT01-00173","","","","26","19","1","1","9","14","7.8","3","8","5","14.37","10.8","18.8","0.771428571","0.415384615","0.571428571","0.307692308","57.44680851","53.84615385","11.11111111","20.63492063","15.38461538","28.57142857","11.3960114","21.16402116","26.78062678","49.73544974"
"","","MZP2009CKE-PT01","","","","","","","","","MZP2009CKE-PT01-00174","","","","26","13","1","1","9","12","6","2.5","7.8","4","7.23","8.5","16.3","0.708333333","0.326923077","0.65","0.3","52.14723926","46.15384615","8.547008547","18.51851852","12.10826211","26.2345679","11.11111111","24.07407407","23.21937322","50.30864198"
"","","MZP2009CKE-PT01","","","","","","","","","MZP2009CKE-PT01-00175","","","","26","15","1","1","8","8","2.5","4.2","10.8","4","7.76","6.7","17.5","0.8375","0.257692308","1.35","0.415384615","38.28571429","30.76923077","3.561253561","11.57407407","9.544159544","31.01851852","15.38461538","50","24.92877493","81.01851852"
"","","MZP2009CKE-PT01","","","","","","","","","MZP2009CKE-PT01-00176","","","","26","10","1","1","5","10","6","1","7.5","5","6.12","7","14.5","0.7","0.269230769","0.75","0.288461538","48.27586207","38.46153846","8.547008547","22.22222222","9.971509972","25.92592593","10.68376068","27.77777778","20.65527066","53.7037037"
"","","MZP2009CKE-PT01","","","","","","","","","MZP2009CKE-PT01-00177","","","","26","17","1","1","9","17","10","4.8","9.2","5","0.02","14.8","24","0.870588235","0.569230769","0.541176471","0.353846154","61.66666667","65.38461538","14.24501425","21.78649237","21.08262108","32.24400871","13.10541311","20.04357298","34.18803419","52.2875817"
"","","MZP2009CKE-PT01","","","","","","","","","MZP2009CKE-PT01-00178","","","","26","16","1","1","9","10","9.2","6","7.8","5","7.76","15.2","23","1.52","0.584615385","0.78","0.3","66.08695652","38.46153846","13.10541311","34.07407407","21.65242165","56.2962963","11.11111111","28.88888889","32.76353276","85.18518519"
"","","MZP2009CKE-PT01","","","","","","","","","MZP2009CKE-PT01-00179","","","","26","14","1","1","9","13","2.2","0","12","5","6.12","2.2","14.2","0.169230769","0.084615385","0.923076923","0.461538462","15.49295775","50","3.133903134","6.267806268","3.133903134","6.267806268","17.09401709","34.18803419","20.22792023","40.45584046"
"","","MZP2009CKE-PT01","","","","","","","","","MZP2009CKE-PT01-00180","","","","26","21","1","1","9","21","13","6.8","16","4","12.39","19.8","35.8","0.942857143","0.761538462","0.761904762","0.615384615","55.30726257","80.76923077","18.51851852","22.92768959","28.20512821","34.92063492","22.79202279","28.21869489","50.997151","63.13932981"
"","","MZP2009CKE-PT01","","","","","","","","","MZP2009CKE-PT01-00181","","","","26","23","1","1","9","23","5.5","2","10.5","4","12.39","7.5","18","0.326086957","0.288461538","0.456521739","0.403846154","41.66666667","88.46153846","7.834757835","8.85668277","10.68376068","12.07729469","14.95726496","16.90821256","25.64102564","28.98550725"
"","","MZP2009CKE-PT01","","","","","","","","","MZP2009CKE-PT01-00182","","","","26","2","1","1","3","","","","","","","","","","","","","","","","","","","","","",""
"","","MZP2009CKE-PT01","","","","","","","","","MZP2009CKE-PT01-00183","","","","26","20","1","1","9","20","2.5","3","10","5","7.76","5.5","15.5","0.275","0.211538462","0.5","0.384615385","35.48387097","76.92307692","3.561253561","4.62962963","7.834757835","10.18518519","14.24501425","18.51851852","22.07977208","28.7037037"
"","","MZP2009CKE-PT01","","","","","","","","","MZP2009CKE-PT01-00184","","","","26","19","1","1","9","","","","","","","","","","","","","","","","","","","","","",""
"","","MZP2009CKE-PT01","","","","","","","","","MZP2009CKE-PT01-00185","","","","26","13","1","1","8","13","2.6","6","5.7","5","6.12","8.6","14.3","0.661538462","0.330769231","0.438461538","0.219230769","60.13986014","50","3.703703704","7.407407407","12.25071225","24.5014245","8.11965812","16.23931624","20.37037037","40.74074074"
"","","MZP2009CKE-PT01","","","","","","","","","MZP2009CKE-PT01-00186","","","","26","12","1","1","9","12","12","2","13.2","5","0.02","14","27.2","1.166666667","0.538461538","1.1","0.507692308","51.47058824","46.15384615","17.09401709","37.03703704","19.94301994","43.20987654","18.8034188","40.74074074","38.74643875","83.95061728"
"","","MZP2009CKE-PT01","","","","","","","","","MZP2009CKE-PT01-00187","","","","26","17","1","1","8","17","26","4","10","4","12.39","30","40","1.764705882","1.153846154","0.588235294","0.384615385","75","65.38461538","37.03703704","56.64488017","42.73504274","65.35947712","14.24501425","21.78649237","56.98005698","87.1459695"
"","","MZP2009CKE-PT01","","","","","","","","","MZP2009CKE-PT01-00188","","","","26","15","1","1","9","15","18","5","12","5","12.39","23","35","1.533333333","0.884615385","0.8","0.461538462","65.71428571","57.69230769","25.64102564","44.44444444","32.76353276","56.79012346","17.09401709","29.62962963","49.85754986","86.41975309"
"","","MZP2009CKE-PT01","","","","","","","","","MZP2009CKE-PT01-00189","","","","26","","","","","","","","","","","","","","","","","","","","","","","","","",""
"","","MZP2009CKE-PT01","","","","","","","","","MZP2009CKE-PT01-00190","","","","26","4","1","1","1","4","4.8","5.8","3.8","4","14.37","10.6","14.4","2.65","0.407692308","0.95","0.146153846","73.61111111","15.38461538","6.837606838","44.44444444","15.0997151","98.14814815","5.413105413","35.18518519","20.51282051","133.3333333"
"","","MZP2009CKE-PT01","","","","","","","","","MZP2009CKE-PT01-00191","","","","26","11","1","1","5","8","2","3","3.5","4","12.39","5","8.5","0.625","0.192307692","0.4375","0.134615385","58.82352941","30.76923077","2.849002849","9.259259259","7.122507123","23.14814815","4.985754986","16.2037037","12.10826211","39.35185185"
"","","MZP2009CKE-PT01","","","","","","","","","MZP2009CKE-PT01-00192","","","","26","12","1","1","7","12","5","3","16.8","5","12.39","8","24.8","0.666666667","0.307692308","1.4","0.646153846","32.25806452","46.15384615","7.122507123","15.43209877","11.3960114","24.69135802","23.93162393","51.85185185","35.32763533","76.54320988"
"","","MZP2009CKE-PT01","","","","","","","","","MZP2009CKE-PT01-00193","","","","26","7","2","1","4","3","2.8","3","5","4","14.37","5.8","10.8","1.933333333","0.223076923","1.666666667","0.192307692","53.7037037","11.53846154","3.988603989","34.56790123","8.262108262","71.60493827","7.122507123","61.72839506","15.38461538","133.3333333"
"","","MZP2009CKE-PT01","","","","","","","","","MZP2009CKE-PT01-00194","","","","26","11","1","1","9","11","2.8","2","10.8","4","14.37","4.8","15.6","0.436363636","0.184615385","0.981818182","0.415384615","30.76923077","42.30769231","3.988603989","9.427609428","6.837606838","16.16161616","15.38461538","36.36363636","22.22222222","52.52525253"
"","","MZP2009CKE-PT01","","","","","","","","","MZP2009CKE-PT01-00195","","","","26","16","1","1","9","13","2.8","3","10","4","12.39","5.8","15.8","0.446153846","0.223076923","0.769230769","0.384615385","36.70886076","50","3.988603989","7.977207977","8.262108262","16.52421652","14.24501425","28.49002849","22.50712251","45.01424501"
"","","MZP2009CKE-PT01","","","","","","","","","MZP2009CKE-PT01-00196","","","","26","","","","","","","","","","","","","","","","","","","","","","","","","",""
"","","MZP2009CKE-PT01","","","","","","","","","MZP2009CKE-PT01-00197","","","","26","26","4","2","8","26","7.8","13.5","10.8","5","7.23","21.3","32.1","0.819230769","0.819230769","0.415384615","0.415384615","66.35514019","100","11.11111111","11.11111111","30.34188034","30.34188034","15.38461538","15.38461538","45.72649573","45.72649573"
"","","MZP2009CKE-PT01","","","","","","","","","MZP2009CKE-PT01-00198","","","","26","18","2","1","8","18","16","9","7.8","4","14.37","25","32.8","1.388888889","0.961538462","0.433333333","0.3","76.2195122","69.23076923","22.79202279","32.9218107","35.61253561","51.44032922","11.11111111","16.04938272","46.72364672","67.48971193"
"","","MZP2009CKE-PT01","","","","","","","","","MZP2009CKE-PT01-00199","","","","26","26","1","1","9","18","6","3","11.5","4","5.49","9","20.5","0.5","0.346153846","0.638888889","0.442307692","43.90243902","69.23076923","8.547008547","12.34567901","12.82051282","18.51851852","16.38176638","23.66255144","29.2022792","42.18106996"
"","","MZP2009CKE-PT01","","","","","","","","","MZP2009CKE-PT01-00200","","","","26","18","1","1","9","15","4","2","12","4","0.12","6","18","0.4","0.230769231","0.8","0.461538462","33.33333333","57.69230769","5.698005698","9.87654321","8.547008547","14.81481481","17.09401709","29.62962963","25.64102564","44.44444444"
